Sensor,Physical Property,Measurement Unit,Time,Value
S43_C1_M,Carbon Dioxide,Parts Per Million,2021-07-05T10:52:09Z,414
S43_C1_M,Carbon Dioxide,Parts Per Million,2021-07-05T10:53:12Z,414
S43_C1_M,Carbon Dioxide,Parts Per Million,2021-07-05T11:08:19Z,421
S43_C1_M,Carbon Dioxide,Parts Per Million,2021-07-05T11:23:25Z,402
S43_C1_M,Carbon Dioxide,Parts Per Million,2021-07-05T11:39:01Z,402
S43_C1_M,Carbon Dioxide,Parts Per Million,2021-07-05T11:54:07Z,406
S43_C1_M,Carbon Dioxide,Parts Per Million,2021-07-05T12:09:12Z,405
S43_C1_M,Carbon Dioxide,Parts Per Million,2021-07-05T12:24:16Z,402
S43_C1_M,Carbon Dioxide,Parts Per Million,2021-07-05T12:39:20Z,399
S43_C1_M,Carbon Dioxide,Parts Per Million,2021-07-05T12:54:24Z,398
S43_C1_M,Carbon Dioxide,Parts Per Million,2021-07-05T13:10:00Z,397
S43_C1_M,Carbon Dioxide,Parts Per Million,2021-07-05T13:25:06Z,393
S43_C1_M,Carbon Dioxide,Parts Per Million,2021-07-05T13:40:12Z,392
S43_C1_M,Carbon Dioxide,Parts Per Million,2021-07-05T13:55:18Z,389
S43_C1_M,Carbon Dioxide,Parts Per Million,2021-07-05T14:10:24Z,388
S43_C1_M,Carbon Dioxide,Parts Per Million,2021-07-05T14:26:00Z,388
S43_C1_M,Carbon Dioxide,Parts Per Million,2021-07-05T14:41:05Z,387
S43_C1_M,Carbon Dioxide,Parts Per Million,2021-07-05T14:56:11Z,384
S43_C1_M,Carbon Dioxide,Parts Per Million,2021-07-05T15:11:17Z,383
S43_C1_M,Carbon Dioxide,Parts Per Million,2021-07-05T15:26:23Z,382
S43_C1_M,Carbon Dioxide,Parts Per Million,2021-07-05T15:41:29Z,380
S43_C1_M,Carbon Dioxide,Parts Per Million,2021-07-05T15:57:05Z,380
S43_C1_M,Carbon Dioxide,Parts Per Million,2021-07-05T16:12:11Z,378
S43_C1_M,Carbon Dioxide,Parts Per Million,2021-07-05T16:27:17Z,377
S43_C1_M,Carbon Dioxide,Parts Per Million,2021-07-05T16:42:23Z,378
S43_C1_M,Carbon Dioxide,Parts Per Million,2021-07-05T16:57:29Z,378
S43_C1_M,Carbon Dioxide,Parts Per Million,2021-07-05T17:13:05Z,377
S43_C1_M,Carbon Dioxide,Parts Per Million,2021-07-05T17:28:11Z,377
S43_C1_M,Carbon Dioxide,Parts Per Million,2021-07-05T17:43:17Z,375
S43_C1_M,Carbon Dioxide,Parts Per Million,2021-07-05T17:58:23Z,373
S43_C1_M,Carbon Dioxide,Parts Per Million,2021-07-05T18:13:28Z,369
S43_C1_M,Carbon Dioxide,Parts Per Million,2021-07-05T18:29:04Z,368
S43_C1_M,Carbon Dioxide,Parts Per Million,2021-07-05T18:44:10Z,366
S43_C1_M,Carbon Dioxide,Parts Per Million,2021-07-05T18:59:17Z,363
S43_C1_M,Carbon Dioxide,Parts Per Million,2021-07-05T19:14:23Z,362
S43_C1_M,Carbon Dioxide,Parts Per Million,2021-07-05T19:29:29Z,362
S43_C1_M,Carbon Dioxide,Parts Per Million,2021-07-05T19:45:04Z,362
S43_C1_M,Carbon Dioxide,Parts Per Million,2021-07-05T20:00:10Z,362
S43_C1_M,Carbon Dioxide,Parts Per Million,2021-07-05T20:15:16Z,362
S43_C1_M,Carbon Dioxide,Parts Per Million,2021-07-05T20:30:22Z,358
S43_C1_M,Carbon Dioxide,Parts Per Million,2021-07-05T20:45:28Z,358
S43_C1_M,Carbon Dioxide,Parts Per Million,2021-07-05T21:01:04Z,357
S43_C1_M,Carbon Dioxide,Parts Per Million,2021-07-05T21:16:09Z,358
S43_C1_M,Carbon Dioxide,Parts Per Million,2021-07-05T21:31:13Z,354
S43_C1_M,Carbon Dioxide,Parts Per Million,2021-07-05T21:46:17Z,351
S43_C1_M,Carbon Dioxide,Parts Per Million,2021-07-05T22:01:23Z,352
S43_C1_M,Carbon Dioxide,Parts Per Million,2021-07-05T22:16:29Z,351
S43_C1_M,Carbon Dioxide,Parts Per Million,2021-07-05T22:32:05Z,350
S43_C1_M,Carbon Dioxide,Parts Per Million,2021-07-05T22:47:11Z,351
S43_C1_M,Carbon Dioxide,Parts Per Million,2021-07-05T23:02:17Z,351
S43_C1_M,Carbon Dioxide,Parts Per Million,2021-07-05T23:17:23Z,351
S43_C1_M,Carbon Dioxide,Parts Per Million,2021-07-05T23:32:29Z,351
S43_C1_M,Carbon Dioxide,Parts Per Million,2021-07-05T23:48:05Z,351
S43_C1_M,Carbon Dioxide,Parts Per Million,2021-07-06T00:03:11Z,351
S43_C1_M,Carbon Dioxide,Parts Per Million,2021-07-06T00:18:17Z,351
S43_C1_M,Carbon Dioxide,Parts Per Million,2021-07-06T00:33:23Z,350
S43_C1_M,Carbon Dioxide,Parts Per Million,2021-07-06T00:48:29Z,351
S43_C1_M,Carbon Dioxide,Parts Per Million,2021-07-06T01:04:05Z,351
S43_C1_M,Carbon Dioxide,Parts Per Million,2021-07-06T01:19:10Z,349
S43_C1_M,Carbon Dioxide,Parts Per Million,2021-07-06T01:34:16Z,348
S43_C1_M,Carbon Dioxide,Parts Per Million,2021-07-06T01:49:22Z,346
S43_C1_M,Carbon Dioxide,Parts Per Million,2021-07-06T02:04:28Z,346
S43_C1_M,Carbon Dioxide,Parts Per Million,2021-07-06T02:20:04Z,347
S43_C1_M,Carbon Dioxide,Parts Per Million,2021-07-06T02:35:10Z,347
S43_C1_M,Carbon Dioxide,Parts Per Million,2021-07-06T02:50:16Z,344
S43_C1_M,Carbon Dioxide,Parts Per Million,2021-07-06T03:05:22Z,344
S43_C1_M,Carbon Dioxide,Parts Per Million,2021-07-06T03:20:28Z,344
S43_C1_M,Carbon Dioxide,Parts Per Million,2021-07-06T03:36:04Z,343
S43_C1_M,Carbon Dioxide,Parts Per Million,2021-07-06T03:51:10Z,343
S43_C1_M,Carbon Dioxide,Parts Per Million,2021-07-06T04:06:16Z,342
S43_C1_M,Carbon Dioxide,Parts Per Million,2021-07-06T04:21:22Z,349
S43_C1_M,Carbon Dioxide,Parts Per Million,2021-07-06T04:36:28Z,382
S43_C1_M,Carbon Dioxide,Parts Per Million,2021-07-06T04:52:03Z,412
S43_C1_M,Carbon Dioxide,Parts Per Million,2021-07-06T05:07:09Z,430
S43_C1_M,Carbon Dioxide,Parts Per Million,2021-07-06T05:22:15Z,442
S43_C1_M,Carbon Dioxide,Parts Per Million,2021-07-06T05:37:21Z,452
S43_C1_M,Carbon Dioxide,Parts Per Million,2021-07-06T05:52:27Z,445
S43_C1_M,Carbon Dioxide,Parts Per Million,2021-07-06T06:08:02Z,435
S43_C1_M,Carbon Dioxide,Parts Per Million,2021-07-06T06:23:03Z,424
S43_C1_M,Carbon Dioxide,Parts Per Million,2021-07-06T06:38:07Z,425
S43_C1_M,Carbon Dioxide,Parts Per Million,2021-07-06T06:53:11Z,413
S43_C1_M,Carbon Dioxide,Parts Per Million,2021-07-06T07:08:17Z,405
S43_C1_M,Carbon Dioxide,Parts Per Million,2021-07-06T07:23:23Z,428
S43_C1_M,Carbon Dioxide,Parts Per Million,2021-07-06T07:38:29Z,440
S43_C1_M,Carbon Dioxide,Parts Per Million,2021-07-06T07:54:04Z,432
S43_C1_M,Carbon Dioxide,Parts Per Million,2021-07-06T07:57:29Z,432
S43_C1_M,Carbon Dioxide,Parts Per Million,2021-07-06T07:58:06Z,432
S43_C1_M,Carbon Dioxide,Parts Per Million,2021-07-06T08:13:12Z,428
S43_C1_M,Carbon Dioxide,Parts Per Million,2021-07-06T08:28:18Z,439
S43_C1_M,Carbon Dioxide,Parts Per Million,2021-07-06T08:43:25Z,437
S43_C1_M,Carbon Dioxide,Parts Per Million,2021-07-06T08:59:01Z,446
S43_C1_M,Carbon Dioxide,Parts Per Million,2021-07-06T09:14:07Z,455
S43_C1_M,Carbon Dioxide,Parts Per Million,2021-07-06T09:29:13Z,443
S43_C1_M,Carbon Dioxide,Parts Per Million,2021-07-06T09:44:20Z,446
S43_C1_M,Carbon Dioxide,Parts Per Million,2021-07-06T09:59:26Z,445
S43_C1_M,Carbon Dioxide,Parts Per Million,2021-07-06T10:13:28Z,444
S43_C1_M,Carbon Dioxide,Parts Per Million,2021-07-06T10:14:18Z,442
S43_C1_M,Carbon Dioxide,Parts Per Million,2021-07-06T10:14:22Z,442
S43_C1_M,Carbon Dioxide,Parts Per Million,2021-07-06T10:14:25Z,442
S43_C1_M,Carbon Dioxide,Parts Per Million,2021-07-06T10:14:26Z,442
S43_C1_M,Carbon Dioxide,Parts Per Million,2021-07-06T10:15:01Z,442
S43_C1_M,Carbon Dioxide,Parts Per Million,2021-07-06T10:15:03Z,442
S43_C1_M,Carbon Dioxide,Parts Per Million,2021-07-06T10:15:05Z,442
S43_C1_M,Carbon Dioxide,Parts Per Million,2021-07-06T10:30:11Z,442
S43_C1_M,Carbon Dioxide,Parts Per Million,2021-07-06T10:45:15Z,448
S43_C1_M,Carbon Dioxide,Parts Per Million,2021-07-06T10:45:17Z,448
S43_C1_M,Carbon Dioxide,Parts Per Million,2021-07-06T10:45:26Z,448
S43_C1_M,Carbon Dioxide,Parts Per Million,2021-07-06T10:46:00Z,448
S43_C1_M,Carbon Dioxide,Parts Per Million,2021-07-06T10:46:03Z,448
S43_C1_M,Carbon Dioxide,Parts Per Million,2021-07-06T10:46:05Z,448
S43_C1_M,Humidity,Relative,2021-07-05T10:52:09Z,50.5
S43_C1_M,Humidity,Relative,2021-07-05T10:53:12Z,50.5
S43_C1_M,Humidity,Relative,2021-07-05T11:08:19Z,50
S43_C1_M,Humidity,Relative,2021-07-05T11:23:25Z,49.5
S43_C1_M,Humidity,Relative,2021-07-05T11:39:01Z,49.5
S43_C1_M,Humidity,Relative,2021-07-05T11:54:07Z,50
S43_C1_M,Humidity,Relative,2021-07-05T12:09:12Z,50
S43_C1_M,Humidity,Relative,2021-07-05T12:24:16Z,50
S43_C1_M,Humidity,Relative,2021-07-05T12:39:20Z,50
S43_C1_M,Humidity,Relative,2021-07-05T12:54:24Z,50.5
S43_C1_M,Humidity,Relative,2021-07-05T13:10:00Z,50.5
S43_C1_M,Humidity,Relative,2021-07-05T13:25:06Z,50.5
S43_C1_M,Humidity,Relative,2021-07-05T13:40:12Z,51
S43_C1_M,Humidity,Relative,2021-07-05T13:55:18Z,51
S43_C1_M,Humidity,Relative,2021-07-05T14:10:24Z,51
S43_C1_M,Humidity,Relative,2021-07-05T14:26:00Z,51.5
S43_C1_M,Humidity,Relative,2021-07-05T14:41:05Z,51.5
S43_C1_M,Humidity,Relative,2021-07-05T14:56:11Z,51.5
S43_C1_M,Humidity,Relative,2021-07-05T15:11:17Z,51.5
S43_C1_M,Humidity,Relative,2021-07-05T15:26:23Z,51.5
S43_C1_M,Humidity,Relative,2021-07-05T15:41:29Z,52
S43_C1_M,Humidity,Relative,2021-07-05T15:57:05Z,52
S43_C1_M,Humidity,Relative,2021-07-05T16:12:11Z,52
S43_C1_M,Humidity,Relative,2021-07-05T16:27:17Z,52.5
S43_C1_M,Humidity,Relative,2021-07-05T16:42:23Z,52.5
S43_C1_M,Humidity,Relative,2021-07-05T16:57:29Z,53
S43_C1_M,Humidity,Relative,2021-07-05T17:13:05Z,53
S43_C1_M,Humidity,Relative,2021-07-05T17:28:11Z,53
S43_C1_M,Humidity,Relative,2021-07-05T17:43:17Z,53.5
S43_C1_M,Humidity,Relative,2021-07-05T17:58:23Z,53.5
S43_C1_M,Humidity,Relative,2021-07-05T18:13:28Z,53.5
S43_C1_M,Humidity,Relative,2021-07-05T18:29:04Z,54
S43_C1_M,Humidity,Relative,2021-07-05T18:44:10Z,54
S43_C1_M,Humidity,Relative,2021-07-05T18:59:17Z,54
S43_C1_M,Humidity,Relative,2021-07-05T19:14:23Z,54.5
S43_C1_M,Humidity,Relative,2021-07-05T19:29:29Z,54.5
S43_C1_M,Humidity,Relative,2021-07-05T19:45:04Z,54.5
S43_C1_M,Humidity,Relative,2021-07-05T20:00:10Z,54.5
S43_C1_M,Humidity,Relative,2021-07-05T20:15:16Z,54.5
S43_C1_M,Humidity,Relative,2021-07-05T20:30:22Z,55
S43_C1_M,Humidity,Relative,2021-07-05T20:45:28Z,55
S43_C1_M,Humidity,Relative,2021-07-05T21:01:04Z,55
S43_C1_M,Humidity,Relative,2021-07-05T21:16:09Z,55
S43_C1_M,Humidity,Relative,2021-07-05T21:31:13Z,55
S43_C1_M,Humidity,Relative,2021-07-05T21:46:17Z,55.5
S43_C1_M,Humidity,Relative,2021-07-05T22:01:23Z,55.5
S43_C1_M,Humidity,Relative,2021-07-05T22:16:29Z,55.5
S43_C1_M,Humidity,Relative,2021-07-05T22:32:05Z,55.5
S43_C1_M,Humidity,Relative,2021-07-05T22:47:11Z,55.5
S43_C1_M,Humidity,Relative,2021-07-05T23:02:17Z,55.5
S43_C1_M,Humidity,Relative,2021-07-05T23:17:23Z,55.5
S43_C1_M,Humidity,Relative,2021-07-05T23:32:29Z,55.5
S43_C1_M,Humidity,Relative,2021-07-05T23:48:05Z,55.5
S43_C1_M,Humidity,Relative,2021-07-06T00:03:11Z,55.5
S43_C1_M,Humidity,Relative,2021-07-06T00:18:17Z,55.5
S43_C1_M,Humidity,Relative,2021-07-06T00:33:23Z,55.5
S43_C1_M,Humidity,Relative,2021-07-06T00:48:29Z,56
S43_C1_M,Humidity,Relative,2021-07-06T01:04:05Z,56
S43_C1_M,Humidity,Relative,2021-07-06T01:19:10Z,56
S43_C1_M,Humidity,Relative,2021-07-06T01:34:16Z,56
S43_C1_M,Humidity,Relative,2021-07-06T01:49:22Z,56
S43_C1_M,Humidity,Relative,2021-07-06T02:04:28Z,56
S43_C1_M,Humidity,Relative,2021-07-06T02:20:04Z,56
S43_C1_M,Humidity,Relative,2021-07-06T02:35:10Z,56
S43_C1_M,Humidity,Relative,2021-07-06T02:50:16Z,56
S43_C1_M,Humidity,Relative,2021-07-06T03:05:22Z,56
S43_C1_M,Humidity,Relative,2021-07-06T03:20:28Z,56
S43_C1_M,Humidity,Relative,2021-07-06T03:36:04Z,56
S43_C1_M,Humidity,Relative,2021-07-06T03:51:10Z,56
S43_C1_M,Humidity,Relative,2021-07-06T04:06:16Z,56
S43_C1_M,Humidity,Relative,2021-07-06T04:21:22Z,54
S43_C1_M,Humidity,Relative,2021-07-06T04:36:28Z,56.5
S43_C1_M,Humidity,Relative,2021-07-06T04:52:03Z,59.5
S43_C1_M,Humidity,Relative,2021-07-06T05:07:09Z,60.5
S43_C1_M,Humidity,Relative,2021-07-06T05:22:15Z,60
S43_C1_M,Humidity,Relative,2021-07-06T05:37:21Z,60
S43_C1_M,Humidity,Relative,2021-07-06T05:52:27Z,60
S43_C1_M,Humidity,Relative,2021-07-06T06:08:02Z,60.5
S43_C1_M,Humidity,Relative,2021-07-06T06:23:03Z,61
S43_C1_M,Humidity,Relative,2021-07-06T06:38:07Z,61
S43_C1_M,Humidity,Relative,2021-07-06T06:53:11Z,61
S43_C1_M,Humidity,Relative,2021-07-06T07:08:17Z,61.5
S43_C1_M,Humidity,Relative,2021-07-06T07:23:23Z,62
S43_C1_M,Humidity,Relative,2021-07-06T07:38:29Z,62
S43_C1_M,Humidity,Relative,2021-07-06T07:54:04Z,61.5
S43_C1_M,Humidity,Relative,2021-07-06T07:57:29Z,61.5
S43_C1_M,Humidity,Relative,2021-07-06T07:58:06Z,61
S43_C1_M,Humidity,Relative,2021-07-06T08:13:12Z,59
S43_C1_M,Humidity,Relative,2021-07-06T08:28:18Z,57.5
S43_C1_M,Humidity,Relative,2021-07-06T08:43:25Z,52
S43_C1_M,Humidity,Relative,2021-07-06T08:59:01Z,47
S43_C1_M,Humidity,Relative,2021-07-06T09:14:07Z,44.5
S43_C1_M,Humidity,Relative,2021-07-06T09:29:13Z,45.5
S43_C1_M,Humidity,Relative,2021-07-06T09:44:20Z,45
S43_C1_M,Humidity,Relative,2021-07-06T09:59:26Z,44.5
S43_C1_M,Humidity,Relative,2021-07-06T10:13:28Z,46
S43_C1_M,Humidity,Relative,2021-07-06T10:14:18Z,46
S43_C1_M,Humidity,Relative,2021-07-06T10:14:22Z,46
S43_C1_M,Humidity,Relative,2021-07-06T10:14:25Z,46
S43_C1_M,Humidity,Relative,2021-07-06T10:14:26Z,46
S43_C1_M,Humidity,Relative,2021-07-06T10:15:01Z,46
S43_C1_M,Humidity,Relative,2021-07-06T10:15:03Z,46
S43_C1_M,Humidity,Relative,2021-07-06T10:15:05Z,46
S43_C1_M,Humidity,Relative,2021-07-06T10:30:11Z,47
S43_C1_M,Humidity,Relative,2021-07-06T10:45:15Z,47
S43_C1_M,Humidity,Relative,2021-07-06T10:45:17Z,47
S43_C1_M,Humidity,Relative,2021-07-06T10:45:26Z,47
S43_C1_M,Humidity,Relative,2021-07-06T10:46:00Z,47
S43_C1_M,Humidity,Relative,2021-07-06T10:46:03Z,47
S43_C1_M,Humidity,Relative,2021-07-06T10:46:05Z,47
S43_C1_M,bVOC,Parts Per Billion,2021-07-05T10:52:09Z,930
S43_C1_M,bVOC,Parts Per Billion,2021-07-05T10:53:12Z,930
S43_C1_M,bVOC,Parts Per Billion,2021-07-05T11:08:19Z,1142
S43_C1_M,bVOC,Parts Per Billion,2021-07-05T11:23:25Z,1231
S43_C1_M,bVOC,Parts Per Billion,2021-07-05T11:39:01Z,1262
S43_C1_M,bVOC,Parts Per Billion,2021-07-05T11:54:07Z,1297
S43_C1_M,bVOC,Parts Per Billion,2021-07-05T12:09:12Z,1334
S43_C1_M,bVOC,Parts Per Billion,2021-07-05T12:24:16Z,1317
S43_C1_M,bVOC,Parts Per Billion,2021-07-05T12:39:20Z,1465
S43_C1_M,bVOC,Parts Per Billion,2021-07-05T12:54:24Z,1478
S43_C1_M,bVOC,Parts Per Billion,2021-07-05T13:10:00Z,1513
S43_C1_M,bVOC,Parts Per Billion,2021-07-05T13:25:06Z,1468
S43_C1_M,bVOC,Parts Per Billion,2021-07-05T13:40:12Z,1501
S43_C1_M,bVOC,Parts Per Billion,2021-07-05T13:55:18Z,1483
S43_C1_M,bVOC,Parts Per Billion,2021-07-05T14:10:24Z,1434
S43_C1_M,bVOC,Parts Per Billion,2021-07-05T14:26:00Z,1488
S43_C1_M,bVOC,Parts Per Billion,2021-07-05T14:41:05Z,1459
S43_C1_M,bVOC,Parts Per Billion,2021-07-05T14:56:11Z,1415
S43_C1_M,bVOC,Parts Per Billion,2021-07-05T15:11:17Z,1441
S43_C1_M,bVOC,Parts Per Billion,2021-07-05T15:26:23Z,1380
S43_C1_M,bVOC,Parts Per Billion,2021-07-05T15:41:29Z,1418
S43_C1_M,bVOC,Parts Per Billion,2021-07-05T15:57:05Z,1388
S43_C1_M,bVOC,Parts Per Billion,2021-07-05T16:12:11Z,1345
S43_C1_M,bVOC,Parts Per Billion,2021-07-05T16:27:17Z,1371
S43_C1_M,bVOC,Parts Per Billion,2021-07-05T16:42:23Z,1338
S43_C1_M,bVOC,Parts Per Billion,2021-07-05T16:57:29Z,1377
S43_C1_M,bVOC,Parts Per Billion,2021-07-05T17:13:05Z,1339
S43_C1_M,bVOC,Parts Per Billion,2021-07-05T17:28:11Z,1265
S43_C1_M,bVOC,Parts Per Billion,2021-07-05T17:43:17Z,1286
S43_C1_M,bVOC,Parts Per Billion,2021-07-05T17:58:23Z,1246
S43_C1_M,bVOC,Parts Per Billion,2021-07-05T18:13:28Z,1304
S43_C1_M,bVOC,Parts Per Billion,2021-07-05T18:29:04Z,1233
S43_C1_M,bVOC,Parts Per Billion,2021-07-05T18:44:10Z,1258
S43_C1_M,bVOC,Parts Per Billion,2021-07-05T18:59:17Z,1172
S43_C1_M,bVOC,Parts Per Billion,2021-07-05T19:14:23Z,1164
S43_C1_M,bVOC,Parts Per Billion,2021-07-05T19:29:29Z,1195
S43_C1_M,bVOC,Parts Per Billion,2021-07-05T19:45:04Z,1152
S43_C1_M,bVOC,Parts Per Billion,2021-07-05T20:00:10Z,1177
S43_C1_M,bVOC,Parts Per Billion,2021-07-05T20:15:16Z,1145
S43_C1_M,bVOC,Parts Per Billion,2021-07-05T20:30:22Z,1070
S43_C1_M,bVOC,Parts Per Billion,2021-07-05T20:45:28Z,1125
S43_C1_M,bVOC,Parts Per Billion,2021-07-05T21:01:04Z,1129
S43_C1_M,bVOC,Parts Per Billion,2021-07-05T21:16:09Z,1092
S43_C1_M,bVOC,Parts Per Billion,2021-07-05T21:31:13Z,1086
S43_C1_M,bVOC,Parts Per Billion,2021-07-05T21:46:17Z,1028
S43_C1_M,bVOC,Parts Per Billion,2021-07-05T22:01:23Z,995
S43_C1_M,bVOC,Parts Per Billion,2021-07-05T22:16:29Z,1043
S43_C1_M,bVOC,Parts Per Billion,2021-07-05T22:32:05Z,1000
S43_C1_M,bVOC,Parts Per Billion,2021-07-05T22:47:11Z,1006
S43_C1_M,bVOC,Parts Per Billion,2021-07-05T23:02:17Z,1012
S43_C1_M,bVOC,Parts Per Billion,2021-07-05T23:17:23Z,1032
S43_C1_M,bVOC,Parts Per Billion,2021-07-05T23:32:29Z,980
S43_C1_M,bVOC,Parts Per Billion,2021-07-05T23:48:05Z,955
S43_C1_M,bVOC,Parts Per Billion,2021-07-06T00:03:11Z,938
S43_C1_M,bVOC,Parts Per Billion,2021-07-06T00:18:17Z,981
S43_C1_M,bVOC,Parts Per Billion,2021-07-06T00:33:23Z,922
S43_C1_M,bVOC,Parts Per Billion,2021-07-06T00:48:29Z,955
S43_C1_M,bVOC,Parts Per Billion,2021-07-06T01:04:05Z,1037
S43_C1_M,bVOC,Parts Per Billion,2021-07-06T01:19:10Z,1009
S43_C1_M,bVOC,Parts Per Billion,2021-07-06T01:34:16Z,901
S43_C1_M,bVOC,Parts Per Billion,2021-07-06T01:49:22Z,961
S43_C1_M,bVOC,Parts Per Billion,2021-07-06T02:04:28Z,928
S43_C1_M,bVOC,Parts Per Billion,2021-07-06T02:20:04Z,882
S43_C1_M,bVOC,Parts Per Billion,2021-07-06T02:35:10Z,864
S43_C1_M,bVOC,Parts Per Billion,2021-07-06T02:50:16Z,851
S43_C1_M,bVOC,Parts Per Billion,2021-07-06T03:05:22Z,830
S43_C1_M,bVOC,Parts Per Billion,2021-07-06T03:20:28Z,842
S43_C1_M,bVOC,Parts Per Billion,2021-07-06T03:36:04Z,839
S43_C1_M,bVOC,Parts Per Billion,2021-07-06T03:51:10Z,834
S43_C1_M,bVOC,Parts Per Billion,2021-07-06T04:06:16Z,786
S43_C1_M,bVOC,Parts Per Billion,2021-07-06T04:21:22Z,785
S43_C1_M,bVOC,Parts Per Billion,2021-07-06T04:36:28Z,499
S43_C1_M,bVOC,Parts Per Billion,2021-07-06T04:52:03Z,499
S43_C1_M,bVOC,Parts Per Billion,2021-07-06T05:07:09Z,535
S43_C1_M,bVOC,Parts Per Billion,2021-07-06T05:22:15Z,499
S43_C1_M,bVOC,Parts Per Billion,2021-07-06T05:37:21Z,600
S43_C1_M,bVOC,Parts Per Billion,2021-07-06T05:52:27Z,499
S43_C1_M,bVOC,Parts Per Billion,2021-07-06T06:08:02Z,590
S43_C1_M,bVOC,Parts Per Billion,2021-07-06T06:23:03Z,507
S43_C1_M,bVOC,Parts Per Billion,2021-07-06T06:38:07Z,523
S43_C1_M,bVOC,Parts Per Billion,2021-07-06T06:53:11Z,499
S43_C1_M,bVOC,Parts Per Billion,2021-07-06T07:08:17Z,499
S43_C1_M,bVOC,Parts Per Billion,2021-07-06T07:23:23Z,501
S43_C1_M,bVOC,Parts Per Billion,2021-07-06T07:38:29Z,535
S43_C1_M,bVOC,Parts Per Billion,2021-07-06T07:54:04Z,524
S43_C1_M,bVOC,Parts Per Billion,2021-07-06T07:57:29Z,524
S43_C1_M,bVOC,Parts Per Billion,2021-07-06T07:58:06Z,585
S43_C1_M,bVOC,Parts Per Billion,2021-07-06T08:13:12Z,532
S43_C1_M,bVOC,Parts Per Billion,2021-07-06T08:28:18Z,513
S43_C1_M,bVOC,Parts Per Billion,2021-07-06T08:43:25Z,751
S43_C1_M,bVOC,Parts Per Billion,2021-07-06T08:59:01Z,870
S43_C1_M,bVOC,Parts Per Billion,2021-07-06T09:14:07Z,926
S43_C1_M,bVOC,Parts Per Billion,2021-07-06T09:29:13Z,902
S43_C1_M,bVOC,Parts Per Billion,2021-07-06T09:44:20Z,791
S43_C1_M,bVOC,Parts Per Billion,2021-07-06T09:59:26Z,792
S43_C1_M,bVOC,Parts Per Billion,2021-07-06T10:13:28Z,728
S43_C1_M,bVOC,Parts Per Billion,2021-07-06T10:14:18Z,728
S43_C1_M,bVOC,Parts Per Billion,2021-07-06T10:14:22Z,728
S43_C1_M,bVOC,Parts Per Billion,2021-07-06T10:14:25Z,728
S43_C1_M,bVOC,Parts Per Billion,2021-07-06T10:14:26Z,728
S43_C1_M,bVOC,Parts Per Billion,2021-07-06T10:15:01Z,728
S43_C1_M,bVOC,Parts Per Billion,2021-07-06T10:15:03Z,728
S43_C1_M,bVOC,Parts Per Billion,2021-07-06T10:15:05Z,728
S43_C1_M,bVOC,Parts Per Billion,2021-07-06T10:30:11Z,2572
S43_C1_M,bVOC,Parts Per Billion,2021-07-06T10:45:15Z,4040
S43_C1_M,bVOC,Parts Per Billion,2021-07-06T10:45:17Z,4040
S43_C1_M,bVOC,Parts Per Billion,2021-07-06T10:45:26Z,4040
S43_C1_M,bVOC,Parts Per Billion,2021-07-06T10:46:00Z,4040
S43_C1_M,bVOC,Parts Per Billion,2021-07-06T10:46:03Z,4040
S43_C1_M,bVOC,Parts Per Billion,2021-07-06T10:46:05Z,4040
S43_C1_M,Temperature,Celsius,2021-07-05T10:52:09Z,30.43
S43_C1_M,Temperature,Celsius,2021-07-05T10:53:12Z,30.43
S43_C1_M,Temperature,Celsius,2021-07-05T11:08:19Z,30.67
S43_C1_M,Temperature,Celsius,2021-07-05T11:23:25Z,30.84
S43_C1_M,Temperature,Celsius,2021-07-05T11:39:01Z,30.99
S43_C1_M,Temperature,Celsius,2021-07-05T11:54:07Z,31.09
S43_C1_M,Temperature,Celsius,2021-07-05T12:09:12Z,31.19
S43_C1_M,Temperature,Celsius,2021-07-05T12:24:16Z,31.27
S43_C1_M,Temperature,Celsius,2021-07-05T12:39:20Z,31.35
S43_C1_M,Temperature,Celsius,2021-07-05T12:54:24Z,31.4
S43_C1_M,Temperature,Celsius,2021-07-05T13:10:00Z,31.44
S43_C1_M,Temperature,Celsius,2021-07-05T13:25:06Z,31.47
S43_C1_M,Temperature,Celsius,2021-07-05T13:40:12Z,31.49
S43_C1_M,Temperature,Celsius,2021-07-05T13:55:18Z,31.51
S43_C1_M,Temperature,Celsius,2021-07-05T14:10:24Z,31.52
S43_C1_M,Temperature,Celsius,2021-07-05T14:26:00Z,31.53
S43_C1_M,Temperature,Celsius,2021-07-05T14:41:05Z,31.55
S43_C1_M,Temperature,Celsius,2021-07-05T14:56:11Z,31.59
S43_C1_M,Temperature,Celsius,2021-07-05T15:11:17Z,31.62
S43_C1_M,Temperature,Celsius,2021-07-05T15:26:23Z,31.64
S43_C1_M,Temperature,Celsius,2021-07-05T15:41:29Z,31.64
S43_C1_M,Temperature,Celsius,2021-07-05T15:57:05Z,31.62
S43_C1_M,Temperature,Celsius,2021-07-05T16:12:11Z,31.56
S43_C1_M,Temperature,Celsius,2021-07-05T16:27:17Z,31.51
S43_C1_M,Temperature,Celsius,2021-07-05T16:42:23Z,31.47
S43_C1_M,Temperature,Celsius,2021-07-05T16:57:29Z,31.41
S43_C1_M,Temperature,Celsius,2021-07-05T17:13:05Z,31.36
S43_C1_M,Temperature,Celsius,2021-07-05T17:28:11Z,31.32
S43_C1_M,Temperature,Celsius,2021-07-05T17:43:17Z,31.29
S43_C1_M,Temperature,Celsius,2021-07-05T17:58:23Z,31.25
S43_C1_M,Temperature,Celsius,2021-07-05T18:13:28Z,31.22
S43_C1_M,Temperature,Celsius,2021-07-05T18:29:04Z,31.18
S43_C1_M,Temperature,Celsius,2021-07-05T18:44:10Z,31.17
S43_C1_M,Temperature,Celsius,2021-07-05T18:59:17Z,31.14
S43_C1_M,Temperature,Celsius,2021-07-05T19:14:23Z,31.12
S43_C1_M,Temperature,Celsius,2021-07-05T19:29:29Z,31.1
S43_C1_M,Temperature,Celsius,2021-07-05T19:45:04Z,31.09
S43_C1_M,Temperature,Celsius,2021-07-05T20:00:10Z,31.07
S43_C1_M,Temperature,Celsius,2021-07-05T20:15:16Z,31.06
S43_C1_M,Temperature,Celsius,2021-07-05T20:30:22Z,31.04
S43_C1_M,Temperature,Celsius,2021-07-05T20:45:28Z,31.02
S43_C1_M,Temperature,Celsius,2021-07-05T21:01:04Z,31.01
S43_C1_M,Temperature,Celsius,2021-07-05T21:16:09Z,31
S43_C1_M,Temperature,Celsius,2021-07-05T21:31:13Z,30.98
S43_C1_M,Temperature,Celsius,2021-07-05T21:46:17Z,30.97
S43_C1_M,Temperature,Celsius,2021-07-05T22:01:23Z,30.96
S43_C1_M,Temperature,Celsius,2021-07-05T22:16:29Z,30.94
S43_C1_M,Temperature,Celsius,2021-07-05T22:32:05Z,30.93
S43_C1_M,Temperature,Celsius,2021-07-05T22:47:11Z,30.92
S43_C1_M,Temperature,Celsius,2021-07-05T23:02:17Z,30.9
S43_C1_M,Temperature,Celsius,2021-07-05T23:17:23Z,30.9
S43_C1_M,Temperature,Celsius,2021-07-05T23:32:29Z,30.89
S43_C1_M,Temperature,Celsius,2021-07-05T23:48:05Z,30.87
S43_C1_M,Temperature,Celsius,2021-07-06T00:03:11Z,30.86
S43_C1_M,Temperature,Celsius,2021-07-06T00:18:17Z,30.85
S43_C1_M,Temperature,Celsius,2021-07-06T00:33:23Z,30.84
S43_C1_M,Temperature,Celsius,2021-07-06T00:48:29Z,30.83
S43_C1_M,Temperature,Celsius,2021-07-06T01:04:05Z,30.82
S43_C1_M,Temperature,Celsius,2021-07-06T01:19:10Z,30.81
S43_C1_M,Temperature,Celsius,2021-07-06T01:34:16Z,30.8
S43_C1_M,Temperature,Celsius,2021-07-06T01:49:22Z,30.78
S43_C1_M,Temperature,Celsius,2021-07-06T02:04:28Z,30.78
S43_C1_M,Temperature,Celsius,2021-07-06T02:20:04Z,30.78
S43_C1_M,Temperature,Celsius,2021-07-06T02:35:10Z,30.75
S43_C1_M,Temperature,Celsius,2021-07-06T02:50:16Z,30.74
S43_C1_M,Temperature,Celsius,2021-07-06T03:05:22Z,30.72
S43_C1_M,Temperature,Celsius,2021-07-06T03:20:28Z,30.72
S43_C1_M,Temperature,Celsius,2021-07-06T03:36:04Z,30.71
S43_C1_M,Temperature,Celsius,2021-07-06T03:51:10Z,30.72
S43_C1_M,Temperature,Celsius,2021-07-06T04:06:16Z,30.72
S43_C1_M,Temperature,Celsius,2021-07-06T04:21:22Z,30.66
S43_C1_M,Temperature,Celsius,2021-07-06T04:36:28Z,30.37
S43_C1_M,Temperature,Celsius,2021-07-06T04:52:03Z,30.22
S43_C1_M,Temperature,Celsius,2021-07-06T05:07:09Z,30.11
S43_C1_M,Temperature,Celsius,2021-07-06T05:22:15Z,30.08
S43_C1_M,Temperature,Celsius,2021-07-06T05:37:21Z,30.05
S43_C1_M,Temperature,Celsius,2021-07-06T05:52:27Z,30.03
S43_C1_M,Temperature,Celsius,2021-07-06T06:08:02Z,30.02
S43_C1_M,Temperature,Celsius,2021-07-06T06:23:03Z,29.98
S43_C1_M,Temperature,Celsius,2021-07-06T06:38:07Z,29.97
S43_C1_M,Temperature,Celsius,2021-07-06T06:53:11Z,29.97
S43_C1_M,Temperature,Celsius,2021-07-06T07:08:17Z,29.9
S43_C1_M,Temperature,Celsius,2021-07-06T07:23:23Z,29.91
S43_C1_M,Temperature,Celsius,2021-07-06T07:38:29Z,29.93
S43_C1_M,Temperature,Celsius,2021-07-06T07:54:04Z,29.94
S43_C1_M,Temperature,Celsius,2021-07-06T07:57:29Z,29.94
S43_C1_M,Temperature,Celsius,2021-07-06T07:58:06Z,29.95
S43_C1_M,Temperature,Celsius,2021-07-06T08:13:12Z,29.99
S43_C1_M,Temperature,Celsius,2021-07-06T08:28:18Z,30.06
S43_C1_M,Temperature,Celsius,2021-07-06T08:43:25Z,30.12
S43_C1_M,Temperature,Celsius,2021-07-06T08:59:01Z,30.16
S43_C1_M,Temperature,Celsius,2021-07-06T09:14:07Z,30.23
S43_C1_M,Temperature,Celsius,2021-07-06T09:29:13Z,30.26
S43_C1_M,Temperature,Celsius,2021-07-06T09:44:20Z,30.34
S43_C1_M,Temperature,Celsius,2021-07-06T09:59:26Z,30.4
S43_C1_M,Temperature,Celsius,2021-07-06T10:13:28Z,30.46
S43_C1_M,Temperature,Celsius,2021-07-06T10:14:18Z,30.46
S43_C1_M,Temperature,Celsius,2021-07-06T10:14:22Z,30.46
S43_C1_M,Temperature,Celsius,2021-07-06T10:14:25Z,30.46
S43_C1_M,Temperature,Celsius,2021-07-06T10:14:26Z,30.46
S43_C1_M,Temperature,Celsius,2021-07-06T10:15:01Z,30.46
S43_C1_M,Temperature,Celsius,2021-07-06T10:15:03Z,30.46
S43_C1_M,Temperature,Celsius,2021-07-06T10:15:05Z,30.46
S43_C1_M,Temperature,Celsius,2021-07-06T10:30:11Z,31.86
S43_C1_M,Temperature,Celsius,2021-07-06T10:45:15Z,31.96
S43_C1_M,Temperature,Celsius,2021-07-06T10:45:17Z,31.96
S43_C1_M,Temperature,Celsius,2021-07-06T10:45:26Z,31.96
S43_C1_M,Temperature,Celsius,2021-07-06T10:46:00Z,31.96
S43_C1_M,Temperature,Celsius,2021-07-06T10:46:03Z,31.96
S43_C1_M,Temperature,Celsius,2021-07-06T10:46:05Z,31.96
S43_C2_M,Carbon Dioxide,Parts Per Million,2021-07-05T10:32:14Z,527
S43_C2_M,Carbon Dioxide,Parts Per Million,2021-07-05T10:47:20Z,499
S43_C2_M,Carbon Dioxide,Parts Per Million,2021-07-05T11:02:26Z,468
S43_C2_M,Carbon Dioxide,Parts Per Million,2021-07-05T11:18:02Z,441
S43_C2_M,Carbon Dioxide,Parts Per Million,2021-07-05T11:33:08Z,425
S43_C2_M,Carbon Dioxide,Parts Per Million,2021-07-05T11:48:14Z,415
S43_C2_M,Carbon Dioxide,Parts Per Million,2021-07-05T12:03:20Z,409
S43_C2_M,Carbon Dioxide,Parts Per Million,2021-07-05T12:18:24Z,408
S43_C2_M,Carbon Dioxide,Parts Per Million,2021-07-05T12:33:29Z,407
S43_C2_M,Carbon Dioxide,Parts Per Million,2021-07-05T12:49:05Z,409
S43_C2_M,Carbon Dioxide,Parts Per Million,2021-07-05T13:04:11Z,409
S43_C2_M,Carbon Dioxide,Parts Per Million,2021-07-05T13:19:17Z,409
S43_C2_M,Carbon Dioxide,Parts Per Million,2021-07-05T13:34:22Z,410
S43_C2_M,Carbon Dioxide,Parts Per Million,2021-07-05T13:49:28Z,409
S43_C2_M,Carbon Dioxide,Parts Per Million,2021-07-05T14:05:04Z,409
S43_C2_M,Carbon Dioxide,Parts Per Million,2021-07-05T14:20:10Z,408
S43_C2_M,Carbon Dioxide,Parts Per Million,2021-07-05T14:35:15Z,408
S43_C2_M,Carbon Dioxide,Parts Per Million,2021-07-05T14:50:21Z,408
S43_C2_M,Carbon Dioxide,Parts Per Million,2021-07-05T15:05:27Z,408
S43_C2_M,Carbon Dioxide,Parts Per Million,2021-07-05T15:21:02Z,408
S43_C2_M,Carbon Dioxide,Parts Per Million,2021-07-05T15:36:08Z,407
S43_C2_M,Carbon Dioxide,Parts Per Million,2021-07-05T15:51:14Z,406
S43_C2_M,Carbon Dioxide,Parts Per Million,2021-07-05T16:06:20Z,406
S43_C2_M,Carbon Dioxide,Parts Per Million,2021-07-05T16:21:26Z,403
S43_C2_M,Carbon Dioxide,Parts Per Million,2021-07-05T16:37:02Z,400
S43_C2_M,Carbon Dioxide,Parts Per Million,2021-07-05T16:52:08Z,397
S43_C2_M,Carbon Dioxide,Parts Per Million,2021-07-05T17:07:14Z,395
S43_C2_M,Carbon Dioxide,Parts Per Million,2021-07-05T17:22:20Z,392
S43_C2_M,Carbon Dioxide,Parts Per Million,2021-07-05T17:37:26Z,392
S43_C2_M,Carbon Dioxide,Parts Per Million,2021-07-05T17:53:02Z,393
S43_C2_M,Carbon Dioxide,Parts Per Million,2021-07-05T18:08:08Z,394
S43_C2_M,Carbon Dioxide,Parts Per Million,2021-07-05T18:23:14Z,393
S43_C2_M,Carbon Dioxide,Parts Per Million,2021-07-05T18:38:19Z,392
S43_C2_M,Carbon Dioxide,Parts Per Million,2021-07-05T18:53:25Z,390
S43_C2_M,Carbon Dioxide,Parts Per Million,2021-07-05T19:09:01Z,386
S43_C2_M,Carbon Dioxide,Parts Per Million,2021-07-05T19:24:08Z,384
S43_C2_M,Carbon Dioxide,Parts Per Million,2021-07-05T19:39:14Z,386
S43_C2_M,Carbon Dioxide,Parts Per Million,2021-07-05T19:54:20Z,385
S43_C2_M,Carbon Dioxide,Parts Per Million,2021-07-05T20:09:25Z,384
S43_C2_M,Carbon Dioxide,Parts Per Million,2021-07-05T20:25:01Z,381
S43_C2_M,Carbon Dioxide,Parts Per Million,2021-07-05T20:40:07Z,382
S43_C2_M,Carbon Dioxide,Parts Per Million,2021-07-05T20:55:13Z,382
S43_C2_M,Carbon Dioxide,Parts Per Million,2021-07-05T21:10:17Z,379
S43_C2_M,Carbon Dioxide,Parts Per Million,2021-07-05T21:25:23Z,379
S43_C2_M,Carbon Dioxide,Parts Per Million,2021-07-05T21:40:29Z,378
S43_C2_M,Carbon Dioxide,Parts Per Million,2021-07-05T21:56:04Z,378
S43_C2_M,Carbon Dioxide,Parts Per Million,2021-07-05T22:11:10Z,378
S43_C2_M,Carbon Dioxide,Parts Per Million,2021-07-05T22:26:16Z,377
S43_C2_M,Carbon Dioxide,Parts Per Million,2021-07-05T22:41:21Z,377
S43_C2_M,Carbon Dioxide,Parts Per Million,2021-07-05T22:56:27Z,377
S43_C2_M,Carbon Dioxide,Parts Per Million,2021-07-05T23:12:03Z,377
S43_C2_M,Carbon Dioxide,Parts Per Million,2021-07-05T23:27:09Z,376
S43_C2_M,Carbon Dioxide,Parts Per Million,2021-07-05T23:42:15Z,375
S43_C2_M,Carbon Dioxide,Parts Per Million,2021-07-05T23:57:21Z,374
S43_C2_M,Carbon Dioxide,Parts Per Million,2021-07-06T00:12:27Z,373
S43_C2_M,Carbon Dioxide,Parts Per Million,2021-07-06T00:28:03Z,371
S43_C2_M,Carbon Dioxide,Parts Per Million,2021-07-06T00:43:09Z,369
S43_C2_M,Carbon Dioxide,Parts Per Million,2021-07-06T00:58:15Z,369
S43_C2_M,Carbon Dioxide,Parts Per Million,2021-07-06T01:13:20Z,368
S43_C2_M,Carbon Dioxide,Parts Per Million,2021-07-06T01:28:26Z,367
S43_C2_M,Carbon Dioxide,Parts Per Million,2021-07-06T01:44:02Z,363
S43_C2_M,Carbon Dioxide,Parts Per Million,2021-07-06T01:59:08Z,363
S43_C2_M,Carbon Dioxide,Parts Per Million,2021-07-06T02:14:14Z,362
S43_C2_M,Carbon Dioxide,Parts Per Million,2021-07-06T02:29:20Z,361
S43_C2_M,Carbon Dioxide,Parts Per Million,2021-07-06T02:44:26Z,362
S43_C2_M,Carbon Dioxide,Parts Per Million,2021-07-06T03:00:02Z,359
S43_C2_M,Carbon Dioxide,Parts Per Million,2021-07-06T03:15:08Z,360
S43_C2_M,Carbon Dioxide,Parts Per Million,2021-07-06T03:30:14Z,360
S43_C2_M,Carbon Dioxide,Parts Per Million,2021-07-06T03:45:19Z,360
S43_C2_M,Carbon Dioxide,Parts Per Million,2021-07-06T04:00:25Z,360
S43_C2_M,Carbon Dioxide,Parts Per Million,2021-07-06T04:16:01Z,360
S43_C2_M,Carbon Dioxide,Parts Per Million,2021-07-06T04:31:07Z,386
S43_C2_M,Carbon Dioxide,Parts Per Million,2021-07-06T04:46:13Z,408
S43_C2_M,Carbon Dioxide,Parts Per Million,2021-07-06T05:01:19Z,423
S43_C2_M,Carbon Dioxide,Parts Per Million,2021-07-06T05:16:25Z,446
S43_C2_M,Carbon Dioxide,Parts Per Million,2021-07-06T05:32:01Z,464
S43_C2_M,Carbon Dioxide,Parts Per Million,2021-07-06T05:33:25Z,467
S43_C2_M,Carbon Dioxide,Parts Per Million,2021-07-06T05:49:01Z,493
S43_C2_M,Carbon Dioxide,Parts Per Million,2021-07-06T06:04:07Z,496
S43_C2_M,Carbon Dioxide,Parts Per Million,2021-07-06T06:19:13Z,457
S43_C2_M,Carbon Dioxide,Parts Per Million,2021-07-06T06:34:19Z,444
S43_C2_M,Carbon Dioxide,Parts Per Million,2021-07-06T06:49:25Z,428
S43_C2_M,Carbon Dioxide,Parts Per Million,2021-07-06T07:05:00Z,411
S43_C2_M,Carbon Dioxide,Parts Per Million,2021-07-06T07:20:06Z,406
S43_C2_M,Carbon Dioxide,Parts Per Million,2021-07-06T07:35:12Z,406
S43_C2_M,Carbon Dioxide,Parts Per Million,2021-07-06T07:50:18Z,417
S43_C2_M,Carbon Dioxide,Parts Per Million,2021-07-06T08:05:24Z,453
S43_C2_M,Carbon Dioxide,Parts Per Million,2021-07-06T08:21:00Z,528
S43_C2_M,Carbon Dioxide,Parts Per Million,2021-07-06T08:36:06Z,588
S43_C2_M,Carbon Dioxide,Parts Per Million,2021-07-06T08:51:12Z,568
S43_C2_M,Carbon Dioxide,Parts Per Million,2021-07-06T09:06:18Z,536
S43_C2_M,Carbon Dioxide,Parts Per Million,2021-07-06T09:21:24Z,524
S43_C2_M,Carbon Dioxide,Parts Per Million,2021-07-06T09:37:00Z,499
S43_C2_M,Carbon Dioxide,Parts Per Million,2021-07-06T09:52:06Z,524
S43_C2_M,Carbon Dioxide,Parts Per Million,2021-07-06T10:07:12Z,568
S43_C2_M,Carbon Dioxide,Parts Per Million,2021-07-06T10:16:02Z,518
S43_C2_M,Carbon Dioxide,Parts Per Million,2021-07-06T10:16:05Z,518
S43_C2_M,Carbon Dioxide,Parts Per Million,2021-07-06T10:16:07Z,518
S43_C2_M,Carbon Dioxide,Parts Per Million,2021-07-06T10:16:10Z,518
S43_C2_M,Carbon Dioxide,Parts Per Million,2021-07-06T10:17:00Z,518
S43_C2_M,Carbon Dioxide,Parts Per Million,2021-07-06T10:17:02Z,518
S43_C2_M,Carbon Dioxide,Parts Per Million,2021-07-06T10:17:03Z,518
S43_C2_M,Carbon Dioxide,Parts Per Million,2021-07-06T10:17:08Z,518
S43_C2_M,Carbon Dioxide,Parts Per Million,2021-07-06T10:17:21Z,518
S43_C2_M,Carbon Dioxide,Parts Per Million,2021-07-06T10:17:24Z,518
S43_C2_M,Carbon Dioxide,Parts Per Million,2021-07-06T10:17:26Z,518
S43_C2_M,Carbon Dioxide,Parts Per Million,2021-07-06T10:33:02Z,519
S43_C2_M,Carbon Dioxide,Parts Per Million,2021-07-06T10:35:27Z,514
S43_C2_M,Carbon Dioxide,Parts Per Million,2021-07-06T10:36:00Z,514
S43_C2_M,Carbon Dioxide,Parts Per Million,2021-07-06T10:36:02Z,514
S43_C2_M,Carbon Dioxide,Parts Per Million,2021-07-06T10:36:04Z,514
S43_C2_M,Carbon Dioxide,Parts Per Million,2021-07-06T10:36:07Z,514
S43_C2_M,Carbon Dioxide,Parts Per Million,2021-07-06T10:41:16Z,516
S43_C2_M,Carbon Dioxide,Parts Per Million,2021-07-06T10:42:06Z,516
S43_C2_M,Carbon Dioxide,Parts Per Million,2021-07-06T10:44:00Z,508
S43_C2_M,Carbon Dioxide,Parts Per Million,2021-07-06T10:44:05Z,508
S43_C2_M,Carbon Dioxide,Parts Per Million,2021-07-06T10:44:11Z,508
S43_C2_M,Carbon Dioxide,Parts Per Million,2021-07-06T10:44:14Z,508
S43_C2_M,Carbon Dioxide,Parts Per Million,2021-07-06T10:44:20Z,508
S43_C2_M,Carbon Dioxide,Parts Per Million,2021-07-06T10:44:23Z,508
S43_C2_M,Humidity,Relative,2021-07-05T10:32:14Z,53
S43_C2_M,Humidity,Relative,2021-07-05T10:47:20Z,51
S43_C2_M,Humidity,Relative,2021-07-05T11:02:26Z,50
S43_C2_M,Humidity,Relative,2021-07-05T11:18:02Z,51
S43_C2_M,Humidity,Relative,2021-07-05T11:33:08Z,51
S43_C2_M,Humidity,Relative,2021-07-05T11:48:14Z,51.5
S43_C2_M,Humidity,Relative,2021-07-05T12:03:20Z,51.5
S43_C2_M,Humidity,Relative,2021-07-05T12:18:24Z,52.5
S43_C2_M,Humidity,Relative,2021-07-05T12:33:29Z,52
S43_C2_M,Humidity,Relative,2021-07-05T12:49:05Z,53
S43_C2_M,Humidity,Relative,2021-07-05T13:04:11Z,53
S43_C2_M,Humidity,Relative,2021-07-05T13:19:17Z,53
S43_C2_M,Humidity,Relative,2021-07-05T13:34:22Z,53
S43_C2_M,Humidity,Relative,2021-07-05T13:49:28Z,53
S43_C2_M,Humidity,Relative,2021-07-05T14:05:04Z,53
S43_C2_M,Humidity,Relative,2021-07-05T14:20:10Z,53
S43_C2_M,Humidity,Relative,2021-07-05T14:35:15Z,53
S43_C2_M,Humidity,Relative,2021-07-05T14:50:21Z,53
S43_C2_M,Humidity,Relative,2021-07-05T15:05:27Z,53
S43_C2_M,Humidity,Relative,2021-07-05T15:21:02Z,53.5
S43_C2_M,Humidity,Relative,2021-07-05T15:36:08Z,53.5
S43_C2_M,Humidity,Relative,2021-07-05T15:51:14Z,53.5
S43_C2_M,Humidity,Relative,2021-07-05T16:06:20Z,53.5
S43_C2_M,Humidity,Relative,2021-07-05T16:21:26Z,54
S43_C2_M,Humidity,Relative,2021-07-05T16:37:02Z,54
S43_C2_M,Humidity,Relative,2021-07-05T16:52:08Z,54
S43_C2_M,Humidity,Relative,2021-07-05T17:07:14Z,54
S43_C2_M,Humidity,Relative,2021-07-05T17:22:20Z,54
S43_C2_M,Humidity,Relative,2021-07-05T17:37:26Z,54
S43_C2_M,Humidity,Relative,2021-07-05T17:53:02Z,54
S43_C2_M,Humidity,Relative,2021-07-05T18:08:08Z,54
S43_C2_M,Humidity,Relative,2021-07-05T18:23:14Z,54.5
S43_C2_M,Humidity,Relative,2021-07-05T18:38:19Z,54.5
S43_C2_M,Humidity,Relative,2021-07-05T18:53:25Z,54.5
S43_C2_M,Humidity,Relative,2021-07-05T19:09:01Z,54.5
S43_C2_M,Humidity,Relative,2021-07-05T19:24:08Z,54.5
S43_C2_M,Humidity,Relative,2021-07-05T19:39:14Z,54.5
S43_C2_M,Humidity,Relative,2021-07-05T19:54:20Z,54.5
S43_C2_M,Humidity,Relative,2021-07-05T20:09:25Z,55
S43_C2_M,Humidity,Relative,2021-07-05T20:25:01Z,55
S43_C2_M,Humidity,Relative,2021-07-05T20:40:07Z,55
S43_C2_M,Humidity,Relative,2021-07-05T20:55:13Z,55
S43_C2_M,Humidity,Relative,2021-07-05T21:10:17Z,55
S43_C2_M,Humidity,Relative,2021-07-05T21:25:23Z,55
S43_C2_M,Humidity,Relative,2021-07-05T21:40:29Z,55
S43_C2_M,Humidity,Relative,2021-07-05T21:56:04Z,55
S43_C2_M,Humidity,Relative,2021-07-05T22:11:10Z,55
S43_C2_M,Humidity,Relative,2021-07-05T22:26:16Z,55
S43_C2_M,Humidity,Relative,2021-07-05T22:41:21Z,55
S43_C2_M,Humidity,Relative,2021-07-05T22:56:27Z,55
S43_C2_M,Humidity,Relative,2021-07-05T23:12:03Z,55
S43_C2_M,Humidity,Relative,2021-07-05T23:27:09Z,55.5
S43_C2_M,Humidity,Relative,2021-07-05T23:42:15Z,55.5
S43_C2_M,Humidity,Relative,2021-07-05T23:57:21Z,55.5
S43_C2_M,Humidity,Relative,2021-07-06T00:12:27Z,55.5
S43_C2_M,Humidity,Relative,2021-07-06T00:28:03Z,55.5
S43_C2_M,Humidity,Relative,2021-07-06T00:43:09Z,55.5
S43_C2_M,Humidity,Relative,2021-07-06T00:58:15Z,55.5
S43_C2_M,Humidity,Relative,2021-07-06T01:13:20Z,55.5
S43_C2_M,Humidity,Relative,2021-07-06T01:28:26Z,55.5
S43_C2_M,Humidity,Relative,2021-07-06T01:44:02Z,55.5
S43_C2_M,Humidity,Relative,2021-07-06T01:59:08Z,55.5
S43_C2_M,Humidity,Relative,2021-07-06T02:14:14Z,55.5
S43_C2_M,Humidity,Relative,2021-07-06T02:29:20Z,55.5
S43_C2_M,Humidity,Relative,2021-07-06T02:44:26Z,55.5
S43_C2_M,Humidity,Relative,2021-07-06T03:00:02Z,55.5
S43_C2_M,Humidity,Relative,2021-07-06T03:15:08Z,55.5
S43_C2_M,Humidity,Relative,2021-07-06T03:30:14Z,55.5
S43_C2_M,Humidity,Relative,2021-07-06T03:45:19Z,55.5
S43_C2_M,Humidity,Relative,2021-07-06T04:00:25Z,55.5
S43_C2_M,Humidity,Relative,2021-07-06T04:16:01Z,55.5
S43_C2_M,Humidity,Relative,2021-07-06T04:31:07Z,55.5
S43_C2_M,Humidity,Relative,2021-07-06T04:46:13Z,59.5
S43_C2_M,Humidity,Relative,2021-07-06T05:01:19Z,61
S43_C2_M,Humidity,Relative,2021-07-06T05:16:25Z,61
S43_C2_M,Humidity,Relative,2021-07-06T05:32:01Z,60.5
S43_C2_M,Humidity,Relative,2021-07-06T05:33:25Z,60.5
S43_C2_M,Humidity,Relative,2021-07-06T05:49:01Z,61
S43_C2_M,Humidity,Relative,2021-07-06T06:04:07Z,61.5
S43_C2_M,Humidity,Relative,2021-07-06T06:19:13Z,61.5
S43_C2_M,Humidity,Relative,2021-07-06T06:34:19Z,61.5
S43_C2_M,Humidity,Relative,2021-07-06T06:49:25Z,61.5
S43_C2_M,Humidity,Relative,2021-07-06T07:05:00Z,62
S43_C2_M,Humidity,Relative,2021-07-06T07:20:06Z,62
S43_C2_M,Humidity,Relative,2021-07-06T07:35:12Z,62
S43_C2_M,Humidity,Relative,2021-07-06T07:50:18Z,62.5
S43_C2_M,Humidity,Relative,2021-07-06T08:05:24Z,62.5
S43_C2_M,Humidity,Relative,2021-07-06T08:21:00Z,61
S43_C2_M,Humidity,Relative,2021-07-06T08:36:06Z,58.5
S43_C2_M,Humidity,Relative,2021-07-06T08:51:12Z,50
S43_C2_M,Humidity,Relative,2021-07-06T09:06:18Z,44.5
S43_C2_M,Humidity,Relative,2021-07-06T09:21:24Z,45
S43_C2_M,Humidity,Relative,2021-07-06T09:37:00Z,46
S43_C2_M,Humidity,Relative,2021-07-06T09:52:06Z,46
S43_C2_M,Humidity,Relative,2021-07-06T10:07:12Z,46
S43_C2_M,Humidity,Relative,2021-07-06T10:16:02Z,44.5
S43_C2_M,Humidity,Relative,2021-07-06T10:16:05Z,44.5
S43_C2_M,Humidity,Relative,2021-07-06T10:16:07Z,44.5
S43_C2_M,Humidity,Relative,2021-07-06T10:16:10Z,44.5
S43_C2_M,Humidity,Relative,2021-07-06T10:17:00Z,44.5
S43_C2_M,Humidity,Relative,2021-07-06T10:17:02Z,44.5
S43_C2_M,Humidity,Relative,2021-07-06T10:17:03Z,44.5
S43_C2_M,Humidity,Relative,2021-07-06T10:17:08Z,44.5
S43_C2_M,Humidity,Relative,2021-07-06T10:17:21Z,44.5
S43_C2_M,Humidity,Relative,2021-07-06T10:17:24Z,44.5
S43_C2_M,Humidity,Relative,2021-07-06T10:17:26Z,44.5
S43_C2_M,Humidity,Relative,2021-07-06T10:33:02Z,48
S43_C2_M,Humidity,Relative,2021-07-06T10:35:27Z,48
S43_C2_M,Humidity,Relative,2021-07-06T10:36:00Z,48
S43_C2_M,Humidity,Relative,2021-07-06T10:36:02Z,48
S43_C2_M,Humidity,Relative,2021-07-06T10:36:04Z,48
S43_C2_M,Humidity,Relative,2021-07-06T10:36:07Z,48
S43_C2_M,Humidity,Relative,2021-07-06T10:41:16Z,48
S43_C2_M,Humidity,Relative,2021-07-06T10:42:06Z,48
S43_C2_M,Humidity,Relative,2021-07-06T10:44:00Z,48
S43_C2_M,Humidity,Relative,2021-07-06T10:44:05Z,48
S43_C2_M,Humidity,Relative,2021-07-06T10:44:11Z,48
S43_C2_M,Humidity,Relative,2021-07-06T10:44:14Z,48
S43_C2_M,Humidity,Relative,2021-07-06T10:44:20Z,48
S43_C2_M,Humidity,Relative,2021-07-06T10:44:23Z,48
S43_C2_M,Temperature,Celsius,2021-07-05T10:32:14Z,29.89
S43_C2_M,Temperature,Celsius,2021-07-05T10:47:20Z,30.22
S43_C2_M,Temperature,Celsius,2021-07-05T11:02:26Z,30.43
S43_C2_M,Temperature,Celsius,2021-07-05T11:18:02Z,30.57
S43_C2_M,Temperature,Celsius,2021-07-05T11:33:08Z,30.7
S43_C2_M,Temperature,Celsius,2021-07-05T11:48:14Z,30.79
S43_C2_M,Temperature,Celsius,2021-07-05T12:03:20Z,30.85
S43_C2_M,Temperature,Celsius,2021-07-05T12:18:24Z,30.87
S43_C2_M,Temperature,Celsius,2021-07-05T12:33:29Z,30.94
S43_C2_M,Temperature,Celsius,2021-07-05T12:49:05Z,30.94
S43_C2_M,Temperature,Celsius,2021-07-05T13:04:11Z,31.01
S43_C2_M,Temperature,Celsius,2021-07-05T13:19:17Z,31.04
S43_C2_M,Temperature,Celsius,2021-07-05T13:34:22Z,31.07
S43_C2_M,Temperature,Celsius,2021-07-05T13:49:28Z,31.08
S43_C2_M,Temperature,Celsius,2021-07-05T14:05:04Z,31.08
S43_C2_M,Temperature,Celsius,2021-07-05T14:20:10Z,31.09
S43_C2_M,Temperature,Celsius,2021-07-05T14:35:15Z,31.09
S43_C2_M,Temperature,Celsius,2021-07-05T14:50:21Z,31.08
S43_C2_M,Temperature,Celsius,2021-07-05T15:05:27Z,31.07
S43_C2_M,Temperature,Celsius,2021-07-05T15:21:02Z,31.05
S43_C2_M,Temperature,Celsius,2021-07-05T15:36:08Z,31.04
S43_C2_M,Temperature,Celsius,2021-07-05T15:51:14Z,31.02
S43_C2_M,Temperature,Celsius,2021-07-05T16:06:20Z,31
S43_C2_M,Temperature,Celsius,2021-07-05T16:21:26Z,30.98
S43_C2_M,Temperature,Celsius,2021-07-05T16:37:02Z,30.96
S43_C2_M,Temperature,Celsius,2021-07-05T16:52:08Z,30.93
S43_C2_M,Temperature,Celsius,2021-07-05T17:07:14Z,30.91
S43_C2_M,Temperature,Celsius,2021-07-05T17:22:20Z,30.89
S43_C2_M,Temperature,Celsius,2021-07-05T17:37:26Z,30.87
S43_C2_M,Temperature,Celsius,2021-07-05T17:53:02Z,30.85
S43_C2_M,Temperature,Celsius,2021-07-05T18:08:08Z,30.83
S43_C2_M,Temperature,Celsius,2021-07-05T18:23:14Z,30.82
S43_C2_M,Temperature,Celsius,2021-07-05T18:38:19Z,30.8
S43_C2_M,Temperature,Celsius,2021-07-05T18:53:25Z,30.78
S43_C2_M,Temperature,Celsius,2021-07-05T19:09:01Z,30.77
S43_C2_M,Temperature,Celsius,2021-07-05T19:24:08Z,30.76
S43_C2_M,Temperature,Celsius,2021-07-05T19:39:14Z,30.74
S43_C2_M,Temperature,Celsius,2021-07-05T19:54:20Z,30.74
S43_C2_M,Temperature,Celsius,2021-07-05T20:09:25Z,30.72
S43_C2_M,Temperature,Celsius,2021-07-05T20:25:01Z,30.71
S43_C2_M,Temperature,Celsius,2021-07-05T20:40:07Z,30.69
S43_C2_M,Temperature,Celsius,2021-07-05T20:55:13Z,30.68
S43_C2_M,Temperature,Celsius,2021-07-05T21:10:17Z,30.68
S43_C2_M,Temperature,Celsius,2021-07-05T21:25:23Z,30.66
S43_C2_M,Temperature,Celsius,2021-07-05T21:40:29Z,30.65
S43_C2_M,Temperature,Celsius,2021-07-05T21:56:04Z,30.64
S43_C2_M,Temperature,Celsius,2021-07-05T22:11:10Z,30.63
S43_C2_M,Temperature,Celsius,2021-07-05T22:26:16Z,30.63
S43_C2_M,Temperature,Celsius,2021-07-05T22:41:21Z,30.61
S43_C2_M,Temperature,Celsius,2021-07-05T22:56:27Z,30.59
S43_C2_M,Temperature,Celsius,2021-07-05T23:12:03Z,30.58
S43_C2_M,Temperature,Celsius,2021-07-05T23:27:09Z,30.57
S43_C2_M,Temperature,Celsius,2021-07-05T23:42:15Z,30.56
S43_C2_M,Temperature,Celsius,2021-07-05T23:57:21Z,30.55
S43_C2_M,Temperature,Celsius,2021-07-06T00:12:27Z,30.55
S43_C2_M,Temperature,Celsius,2021-07-06T00:28:03Z,30.53
S43_C2_M,Temperature,Celsius,2021-07-06T00:43:09Z,30.52
S43_C2_M,Temperature,Celsius,2021-07-06T00:58:15Z,30.51
S43_C2_M,Temperature,Celsius,2021-07-06T01:13:20Z,30.5
S43_C2_M,Temperature,Celsius,2021-07-06T01:28:26Z,30.49
S43_C2_M,Temperature,Celsius,2021-07-06T01:44:02Z,30.48
S43_C2_M,Temperature,Celsius,2021-07-06T01:59:08Z,30.47
S43_C2_M,Temperature,Celsius,2021-07-06T02:14:14Z,30.46
S43_C2_M,Temperature,Celsius,2021-07-06T02:29:20Z,30.45
S43_C2_M,Temperature,Celsius,2021-07-06T02:44:26Z,30.43
S43_C2_M,Temperature,Celsius,2021-07-06T03:00:02Z,30.42
S43_C2_M,Temperature,Celsius,2021-07-06T03:15:08Z,30.42
S43_C2_M,Temperature,Celsius,2021-07-06T03:30:14Z,30.41
S43_C2_M,Temperature,Celsius,2021-07-06T03:45:19Z,30.41
S43_C2_M,Temperature,Celsius,2021-07-06T04:00:25Z,30.41
S43_C2_M,Temperature,Celsius,2021-07-06T04:16:01Z,30.4
S43_C2_M,Temperature,Celsius,2021-07-06T04:31:07Z,30.1
S43_C2_M,Temperature,Celsius,2021-07-06T04:46:13Z,29.89
S43_C2_M,Temperature,Celsius,2021-07-06T05:01:19Z,29.71
S43_C2_M,Temperature,Celsius,2021-07-06T05:16:25Z,29.67
S43_C2_M,Temperature,Celsius,2021-07-06T05:32:01Z,29.59
S43_C2_M,Temperature,Celsius,2021-07-06T05:33:25Z,29.59
S43_C2_M,Temperature,Celsius,2021-07-06T05:49:01Z,29.68
S43_C2_M,Temperature,Celsius,2021-07-06T06:04:07Z,29.72
S43_C2_M,Temperature,Celsius,2021-07-06T06:19:13Z,29.65
S43_C2_M,Temperature,Celsius,2021-07-06T06:34:19Z,29.67
S43_C2_M,Temperature,Celsius,2021-07-06T06:49:25Z,29.66
S43_C2_M,Temperature,Celsius,2021-07-06T07:05:00Z,29.56
S43_C2_M,Temperature,Celsius,2021-07-06T07:20:06Z,29.53
S43_C2_M,Temperature,Celsius,2021-07-06T07:35:12Z,29.51
S43_C2_M,Temperature,Celsius,2021-07-06T07:50:18Z,29.56
S43_C2_M,Temperature,Celsius,2021-07-06T08:05:24Z,29.68
S43_C2_M,Temperature,Celsius,2021-07-06T08:21:00Z,29.88
S43_C2_M,Temperature,Celsius,2021-07-06T08:36:06Z,30.06
S43_C2_M,Temperature,Celsius,2021-07-06T08:51:12Z,30.1
S43_C2_M,Temperature,Celsius,2021-07-06T09:06:18Z,30.15
S43_C2_M,Temperature,Celsius,2021-07-06T09:21:24Z,30.26
S43_C2_M,Temperature,Celsius,2021-07-06T09:37:00Z,30.25
S43_C2_M,Temperature,Celsius,2021-07-06T09:52:06Z,30.39
S43_C2_M,Temperature,Celsius,2021-07-06T10:07:12Z,30.46
S43_C2_M,Temperature,Celsius,2021-07-06T10:16:02Z,30.43
S43_C2_M,Temperature,Celsius,2021-07-06T10:16:05Z,30.43
S43_C2_M,Temperature,Celsius,2021-07-06T10:16:07Z,30.43
S43_C2_M,Temperature,Celsius,2021-07-06T10:16:10Z,30.43
S43_C2_M,Temperature,Celsius,2021-07-06T10:17:00Z,30.43
S43_C2_M,Temperature,Celsius,2021-07-06T10:17:02Z,30.43
S43_C2_M,Temperature,Celsius,2021-07-06T10:17:03Z,30.43
S43_C2_M,Temperature,Celsius,2021-07-06T10:17:08Z,30.43
S43_C2_M,Temperature,Celsius,2021-07-06T10:17:21Z,30.43
S43_C2_M,Temperature,Celsius,2021-07-06T10:17:24Z,30.43
S43_C2_M,Temperature,Celsius,2021-07-06T10:17:26Z,30.43
S43_C2_M,Temperature,Celsius,2021-07-06T10:33:02Z,31.52
S43_C2_M,Temperature,Celsius,2021-07-06T10:35:27Z,31.54
S43_C2_M,Temperature,Celsius,2021-07-06T10:36:00Z,31.54
S43_C2_M,Temperature,Celsius,2021-07-06T10:36:02Z,31.54
S43_C2_M,Temperature,Celsius,2021-07-06T10:36:04Z,31.54
S43_C2_M,Temperature,Celsius,2021-07-06T10:36:07Z,31.54
S43_C2_M,Temperature,Celsius,2021-07-06T10:41:16Z,31.61
S43_C2_M,Temperature,Celsius,2021-07-06T10:42:06Z,31.61
S43_C2_M,Temperature,Celsius,2021-07-06T10:44:00Z,31.71
S43_C2_M,Temperature,Celsius,2021-07-06T10:44:05Z,31.71
S43_C2_M,Temperature,Celsius,2021-07-06T10:44:11Z,31.71
S43_C2_M,Temperature,Celsius,2021-07-06T10:44:14Z,31.71
S43_C2_M,Temperature,Celsius,2021-07-06T10:44:20Z,31.71
S43_C2_M,Temperature,Celsius,2021-07-06T10:44:23Z,31.71
S43_C2_M,bVOC,Parts Per Billion,2021-07-05T10:32:14Z,723
S43_C2_M,bVOC,Parts Per Billion,2021-07-05T10:47:20Z,743
S43_C2_M,bVOC,Parts Per Billion,2021-07-05T11:02:26Z,776
S43_C2_M,bVOC,Parts Per Billion,2021-07-05T11:18:02Z,669
S43_C2_M,bVOC,Parts Per Billion,2021-07-05T11:33:08Z,710
S43_C2_M,bVOC,Parts Per Billion,2021-07-05T11:48:14Z,650
S43_C2_M,bVOC,Parts Per Billion,2021-07-05T12:03:20Z,738
S43_C2_M,bVOC,Parts Per Billion,2021-07-05T12:18:24Z,609
S43_C2_M,bVOC,Parts Per Billion,2021-07-05T12:33:29Z,672
S43_C2_M,bVOC,Parts Per Billion,2021-07-05T12:49:05Z,614
S43_C2_M,bVOC,Parts Per Billion,2021-07-05T13:04:11Z,694
S43_C2_M,bVOC,Parts Per Billion,2021-07-05T13:19:17Z,775
S43_C2_M,bVOC,Parts Per Billion,2021-07-05T13:34:22Z,778
S43_C2_M,bVOC,Parts Per Billion,2021-07-05T13:49:28Z,735
S43_C2_M,bVOC,Parts Per Billion,2021-07-05T14:05:04Z,828
S43_C2_M,bVOC,Parts Per Billion,2021-07-05T14:20:10Z,877
S43_C2_M,bVOC,Parts Per Billion,2021-07-05T14:35:15Z,813
S43_C2_M,bVOC,Parts Per Billion,2021-07-05T14:50:21Z,907
S43_C2_M,bVOC,Parts Per Billion,2021-07-05T15:05:27Z,939
S43_C2_M,bVOC,Parts Per Billion,2021-07-05T15:21:02Z,891
S43_C2_M,bVOC,Parts Per Billion,2021-07-05T15:36:08Z,957
S43_C2_M,bVOC,Parts Per Billion,2021-07-05T15:51:14Z,991
S43_C2_M,bVOC,Parts Per Billion,2021-07-05T16:06:20Z,895
S43_C2_M,bVOC,Parts Per Billion,2021-07-05T16:21:26Z,910
S43_C2_M,bVOC,Parts Per Billion,2021-07-05T16:37:02Z,921
S43_C2_M,bVOC,Parts Per Billion,2021-07-05T16:52:08Z,970
S43_C2_M,bVOC,Parts Per Billion,2021-07-05T17:07:14Z,974
S43_C2_M,bVOC,Parts Per Billion,2021-07-05T17:22:20Z,883
S43_C2_M,bVOC,Parts Per Billion,2021-07-05T17:37:26Z,979
S43_C2_M,bVOC,Parts Per Billion,2021-07-05T17:53:02Z,957
S43_C2_M,bVOC,Parts Per Billion,2021-07-05T18:08:08Z,910
S43_C2_M,bVOC,Parts Per Billion,2021-07-05T18:23:14Z,937
S43_C2_M,bVOC,Parts Per Billion,2021-07-05T18:38:19Z,893
S43_C2_M,bVOC,Parts Per Billion,2021-07-05T18:53:25Z,1006
S43_C2_M,bVOC,Parts Per Billion,2021-07-05T19:09:01Z,927
S43_C2_M,bVOC,Parts Per Billion,2021-07-05T19:24:08Z,932
S43_C2_M,bVOC,Parts Per Billion,2021-07-05T19:39:14Z,942
S43_C2_M,bVOC,Parts Per Billion,2021-07-05T19:54:20Z,951
S43_C2_M,bVOC,Parts Per Billion,2021-07-05T20:09:25Z,878
S43_C2_M,bVOC,Parts Per Billion,2021-07-05T20:25:01Z,920
S43_C2_M,bVOC,Parts Per Billion,2021-07-05T20:40:07Z,1021
S43_C2_M,bVOC,Parts Per Billion,2021-07-05T20:55:13Z,849
S43_C2_M,bVOC,Parts Per Billion,2021-07-05T21:10:17Z,860
S43_C2_M,bVOC,Parts Per Billion,2021-07-05T21:25:23Z,889
S43_C2_M,bVOC,Parts Per Billion,2021-07-05T21:40:29Z,907
S43_C2_M,bVOC,Parts Per Billion,2021-07-05T21:56:04Z,880
S43_C2_M,bVOC,Parts Per Billion,2021-07-05T22:11:10Z,926
S43_C2_M,bVOC,Parts Per Billion,2021-07-05T22:26:16Z,840
S43_C2_M,bVOC,Parts Per Billion,2021-07-05T22:41:21Z,951
S43_C2_M,bVOC,Parts Per Billion,2021-07-05T22:56:27Z,827
S43_C2_M,bVOC,Parts Per Billion,2021-07-05T23:12:03Z,923
S43_C2_M,bVOC,Parts Per Billion,2021-07-05T23:27:09Z,896
S43_C2_M,bVOC,Parts Per Billion,2021-07-05T23:42:15Z,843
S43_C2_M,bVOC,Parts Per Billion,2021-07-05T23:57:21Z,907
S43_C2_M,bVOC,Parts Per Billion,2021-07-06T00:12:27Z,911
S43_C2_M,bVOC,Parts Per Billion,2021-07-06T00:28:03Z,866
S43_C2_M,bVOC,Parts Per Billion,2021-07-06T00:43:09Z,860
S43_C2_M,bVOC,Parts Per Billion,2021-07-06T00:58:15Z,891
S43_C2_M,bVOC,Parts Per Billion,2021-07-06T01:13:20Z,857
S43_C2_M,bVOC,Parts Per Billion,2021-07-06T01:28:26Z,877
S43_C2_M,bVOC,Parts Per Billion,2021-07-06T01:44:02Z,810
S43_C2_M,bVOC,Parts Per Billion,2021-07-06T01:59:08Z,811
S43_C2_M,bVOC,Parts Per Billion,2021-07-06T02:14:14Z,780
S43_C2_M,bVOC,Parts Per Billion,2021-07-06T02:29:20Z,852
S43_C2_M,bVOC,Parts Per Billion,2021-07-06T02:44:26Z,820
S43_C2_M,bVOC,Parts Per Billion,2021-07-06T03:00:02Z,822
S43_C2_M,bVOC,Parts Per Billion,2021-07-06T03:15:08Z,817
S43_C2_M,bVOC,Parts Per Billion,2021-07-06T03:30:14Z,831
S43_C2_M,bVOC,Parts Per Billion,2021-07-06T03:45:19Z,846
S43_C2_M,bVOC,Parts Per Billion,2021-07-06T04:00:25Z,822
S43_C2_M,bVOC,Parts Per Billion,2021-07-06T04:16:01Z,785
S43_C2_M,bVOC,Parts Per Billion,2021-07-06T04:31:07Z,499
S43_C2_M,bVOC,Parts Per Billion,2021-07-06T04:46:13Z,508
S43_C2_M,bVOC,Parts Per Billion,2021-07-06T05:01:19Z,499
S43_C2_M,bVOC,Parts Per Billion,2021-07-06T05:16:25Z,499
S43_C2_M,bVOC,Parts Per Billion,2021-07-06T05:32:01Z,522
S43_C2_M,bVOC,Parts Per Billion,2021-07-06T05:33:25Z,513
S43_C2_M,bVOC,Parts Per Billion,2021-07-06T05:49:01Z,585
S43_C2_M,bVOC,Parts Per Billion,2021-07-06T06:04:07Z,548
S43_C2_M,bVOC,Parts Per Billion,2021-07-06T06:19:13Z,499
S43_C2_M,bVOC,Parts Per Billion,2021-07-06T06:34:19Z,536
S43_C2_M,bVOC,Parts Per Billion,2021-07-06T06:49:25Z,515
S43_C2_M,bVOC,Parts Per Billion,2021-07-06T07:05:00Z,499
S43_C2_M,bVOC,Parts Per Billion,2021-07-06T07:20:06Z,499
S43_C2_M,bVOC,Parts Per Billion,2021-07-06T07:35:12Z,499
S43_C2_M,bVOC,Parts Per Billion,2021-07-06T07:50:18Z,644
S43_C2_M,bVOC,Parts Per Billion,2021-07-06T08:05:24Z,856
S43_C2_M,bVOC,Parts Per Billion,2021-07-06T08:21:00Z,1300
S43_C2_M,bVOC,Parts Per Billion,2021-07-06T08:36:06Z,2087
S43_C2_M,bVOC,Parts Per Billion,2021-07-06T08:51:12Z,3540
S43_C2_M,bVOC,Parts Per Billion,2021-07-06T09:06:18Z,2455
S43_C2_M,bVOC,Parts Per Billion,2021-07-06T09:21:24Z,2443
S43_C2_M,bVOC,Parts Per Billion,2021-07-06T09:37:00Z,1686
S43_C2_M,bVOC,Parts Per Billion,2021-07-06T09:52:06Z,1732
S43_C2_M,bVOC,Parts Per Billion,2021-07-06T10:07:12Z,2543
S43_C2_M,bVOC,Parts Per Billion,2021-07-06T10:16:02Z,2160
S43_C2_M,bVOC,Parts Per Billion,2021-07-06T10:16:05Z,2160
S43_C2_M,bVOC,Parts Per Billion,2021-07-06T10:16:07Z,2160
S43_C2_M,bVOC,Parts Per Billion,2021-07-06T10:16:10Z,2160
S43_C2_M,bVOC,Parts Per Billion,2021-07-06T10:17:00Z,2160
S43_C2_M,bVOC,Parts Per Billion,2021-07-06T10:17:02Z,2160
S43_C2_M,bVOC,Parts Per Billion,2021-07-06T10:17:03Z,2160
S43_C2_M,bVOC,Parts Per Billion,2021-07-06T10:17:08Z,2160
S43_C2_M,bVOC,Parts Per Billion,2021-07-06T10:17:21Z,2160
S43_C2_M,bVOC,Parts Per Billion,2021-07-06T10:17:24Z,2160
S43_C2_M,bVOC,Parts Per Billion,2021-07-06T10:17:26Z,2160
S43_C2_M,bVOC,Parts Per Billion,2021-07-06T10:33:02Z,4627
S43_C2_M,bVOC,Parts Per Billion,2021-07-06T10:35:27Z,5579
S43_C2_M,bVOC,Parts Per Billion,2021-07-06T10:36:00Z,5579
S43_C2_M,bVOC,Parts Per Billion,2021-07-06T10:36:02Z,5579
S43_C2_M,bVOC,Parts Per Billion,2021-07-06T10:36:04Z,5579
S43_C2_M,bVOC,Parts Per Billion,2021-07-06T10:36:07Z,5579
S43_C2_M,bVOC,Parts Per Billion,2021-07-06T10:41:16Z,6160
S43_C2_M,bVOC,Parts Per Billion,2021-07-06T10:42:06Z,6160
S43_C2_M,bVOC,Parts Per Billion,2021-07-06T10:44:00Z,6493
S43_C2_M,bVOC,Parts Per Billion,2021-07-06T10:44:05Z,6493
S43_C2_M,bVOC,Parts Per Billion,2021-07-06T10:44:11Z,6493
S43_C2_M,bVOC,Parts Per Billion,2021-07-06T10:44:14Z,6493
S43_C2_M,bVOC,Parts Per Billion,2021-07-06T10:44:20Z,6493
S43_C2_M,bVOC,Parts Per Billion,2021-07-06T10:44:23Z,6493
S43_OD_M,Carbon Dioxide,Parts Per Million,2021-07-05T10:42:10Z,568
S43_OD_M,Carbon Dioxide,Parts Per Million,2021-07-05T10:42:13Z,568
S43_OD_M,Carbon Dioxide,Parts Per Million,2021-07-05T10:57:21Z,536
S43_OD_M,Carbon Dioxide,Parts Per Million,2021-07-05T11:12:26Z,469
S43_OD_M,Carbon Dioxide,Parts Per Million,2021-07-05T11:28:02Z,449
S43_OD_M,Carbon Dioxide,Parts Per Million,2021-07-05T11:43:08Z,437
S43_OD_M,Carbon Dioxide,Parts Per Million,2021-07-05T11:58:14Z,430
S43_OD_M,Carbon Dioxide,Parts Per Million,2021-07-05T12:13:18Z,431
S43_OD_M,Carbon Dioxide,Parts Per Million,2021-07-05T12:28:23Z,431
S43_OD_M,Carbon Dioxide,Parts Per Million,2021-07-05T12:43:29Z,431
S43_OD_M,Carbon Dioxide,Parts Per Million,2021-07-05T12:59:05Z,431
S43_OD_M,Carbon Dioxide,Parts Per Million,2021-07-05T13:14:11Z,426
S43_OD_M,Carbon Dioxide,Parts Per Million,2021-07-05T13:29:16Z,428
S43_OD_M,Carbon Dioxide,Parts Per Million,2021-07-05T13:44:22Z,428
S43_OD_M,Carbon Dioxide,Parts Per Million,2021-07-05T13:59:28Z,427
S43_OD_M,Carbon Dioxide,Parts Per Million,2021-07-05T14:15:04Z,427
S43_OD_M,Carbon Dioxide,Parts Per Million,2021-07-05T14:30:09Z,431
S43_OD_M,Carbon Dioxide,Parts Per Million,2021-07-05T14:45:15Z,428
S43_OD_M,Carbon Dioxide,Parts Per Million,2021-07-05T15:00:21Z,427
S43_OD_M,Carbon Dioxide,Parts Per Million,2021-07-05T15:15:27Z,428
S43_OD_M,Carbon Dioxide,Parts Per Million,2021-07-05T15:31:02Z,429
S43_OD_M,Carbon Dioxide,Parts Per Million,2021-07-05T15:46:08Z,430
S43_OD_M,Carbon Dioxide,Parts Per Million,2021-07-05T16:01:14Z,428
S43_OD_M,Carbon Dioxide,Parts Per Million,2021-07-05T16:16:20Z,428
S43_OD_M,Carbon Dioxide,Parts Per Million,2021-07-05T16:31:25Z,423
S43_OD_M,Carbon Dioxide,Parts Per Million,2021-07-05T16:47:01Z,426
S43_OD_M,Carbon Dioxide,Parts Per Million,2021-07-05T17:02:07Z,428
S43_OD_M,Carbon Dioxide,Parts Per Million,2021-07-05T17:17:13Z,434
S43_OD_M,Carbon Dioxide,Parts Per Million,2021-07-05T17:32:18Z,432
S43_OD_M,Carbon Dioxide,Parts Per Million,2021-07-05T17:47:24Z,429
S43_OD_M,Carbon Dioxide,Parts Per Million,2021-07-05T18:02:29Z,429
S43_OD_M,Carbon Dioxide,Parts Per Million,2021-07-05T18:18:05Z,429
S43_OD_M,Carbon Dioxide,Parts Per Million,2021-07-05T18:33:11Z,431
S43_OD_M,Carbon Dioxide,Parts Per Million,2021-07-05T18:48:17Z,433
S43_OD_M,Carbon Dioxide,Parts Per Million,2021-07-05T19:03:23Z,434
S43_OD_M,Carbon Dioxide,Parts Per Million,2021-07-05T19:18:29Z,428
S43_OD_M,Carbon Dioxide,Parts Per Million,2021-07-05T19:34:05Z,428
S43_OD_M,Carbon Dioxide,Parts Per Million,2021-07-05T19:49:11Z,430
S43_OD_M,Carbon Dioxide,Parts Per Million,2021-07-05T20:04:16Z,428
S43_OD_M,Carbon Dioxide,Parts Per Million,2021-07-05T20:19:22Z,429
S43_OD_M,Carbon Dioxide,Parts Per Million,2021-07-05T20:34:28Z,430
S43_OD_M,Carbon Dioxide,Parts Per Million,2021-07-05T20:50:04Z,434
S43_OD_M,Carbon Dioxide,Parts Per Million,2021-07-05T21:05:10Z,430
S43_OD_M,Carbon Dioxide,Parts Per Million,2021-07-05T21:20:14Z,431
S43_OD_M,Carbon Dioxide,Parts Per Million,2021-07-05T21:35:20Z,431
S43_OD_M,Carbon Dioxide,Parts Per Million,2021-07-05T21:50:26Z,431
S43_OD_M,Carbon Dioxide,Parts Per Million,2021-07-05T22:06:01Z,430
S43_OD_M,Carbon Dioxide,Parts Per Million,2021-07-05T22:21:07Z,432
S43_OD_M,Carbon Dioxide,Parts Per Million,2021-07-05T22:36:13Z,433
S43_OD_M,Carbon Dioxide,Parts Per Million,2021-07-05T22:51:19Z,433
S43_OD_M,Carbon Dioxide,Parts Per Million,2021-07-05T23:06:24Z,433
S43_OD_M,Carbon Dioxide,Parts Per Million,2021-07-05T23:22:00Z,433
S43_OD_M,Carbon Dioxide,Parts Per Million,2021-07-05T23:37:06Z,433
S43_OD_M,Carbon Dioxide,Parts Per Million,2021-07-05T23:52:12Z,433
S43_OD_M,Carbon Dioxide,Parts Per Million,2021-07-06T00:07:17Z,433
S43_OD_M,Carbon Dioxide,Parts Per Million,2021-07-06T00:22:23Z,433
S43_OD_M,Carbon Dioxide,Parts Per Million,2021-07-06T00:37:27Z,433
S43_OD_M,Carbon Dioxide,Parts Per Million,2021-07-06T00:53:03Z,433
S43_OD_M,Carbon Dioxide,Parts Per Million,2021-07-06T01:08:09Z,432
S43_OD_M,Carbon Dioxide,Parts Per Million,2021-07-06T01:23:15Z,423
S43_OD_M,Carbon Dioxide,Parts Per Million,2021-07-06T01:38:21Z,429
S43_OD_M,Carbon Dioxide,Parts Per Million,2021-07-06T01:53:27Z,433
S43_OD_M,Carbon Dioxide,Parts Per Million,2021-07-06T02:09:03Z,433
S43_OD_M,Carbon Dioxide,Parts Per Million,2021-07-06T02:24:09Z,435
S43_OD_M,Carbon Dioxide,Parts Per Million,2021-07-06T02:39:15Z,435
S43_OD_M,Carbon Dioxide,Parts Per Million,2021-07-06T02:54:21Z,437
S43_OD_M,Carbon Dioxide,Parts Per Million,2021-07-06T03:09:26Z,437
S43_OD_M,Carbon Dioxide,Parts Per Million,2021-07-06T03:25:02Z,437
S43_OD_M,Carbon Dioxide,Parts Per Million,2021-07-06T03:40:08Z,438
S43_OD_M,Carbon Dioxide,Parts Per Million,2021-07-06T03:55:14Z,438
S43_OD_M,Carbon Dioxide,Parts Per Million,2021-07-06T04:10:20Z,439
S43_OD_M,Carbon Dioxide,Parts Per Million,2021-07-06T04:25:26Z,440
S43_OD_M,Carbon Dioxide,Parts Per Million,2021-07-06T04:41:02Z,432
S43_OD_M,Carbon Dioxide,Parts Per Million,2021-07-06T04:56:08Z,432
S43_OD_M,Carbon Dioxide,Parts Per Million,2021-07-06T05:11:14Z,428
S43_OD_M,Carbon Dioxide,Parts Per Million,2021-07-06T05:26:20Z,429
S43_OD_M,Carbon Dioxide,Parts Per Million,2021-07-06T05:41:26Z,430
S43_OD_M,Carbon Dioxide,Parts Per Million,2021-07-06T05:57:02Z,429
S43_OD_M,Carbon Dioxide,Parts Per Million,2021-07-06T06:12:07Z,426
S43_OD_M,Carbon Dioxide,Parts Per Million,2021-07-06T06:27:13Z,429
S43_OD_M,Carbon Dioxide,Parts Per Million,2021-07-06T06:42:19Z,432
S43_OD_M,Carbon Dioxide,Parts Per Million,2021-07-06T06:57:25Z,432
S43_OD_M,Carbon Dioxide,Parts Per Million,2021-07-06T07:13:00Z,434
S43_OD_M,Carbon Dioxide,Parts Per Million,2021-07-06T07:28:06Z,436
S43_OD_M,Carbon Dioxide,Parts Per Million,2021-07-06T07:43:12Z,433
S43_OD_M,Carbon Dioxide,Parts Per Million,2021-07-06T07:58:18Z,431
S43_OD_M,Carbon Dioxide,Parts Per Million,2021-07-06T08:13:24Z,432
S43_OD_M,Carbon Dioxide,Parts Per Million,2021-07-06T08:29:00Z,434
S43_OD_M,Carbon Dioxide,Parts Per Million,2021-07-06T08:44:06Z,431
S43_OD_M,Carbon Dioxide,Parts Per Million,2021-07-06T08:59:12Z,432
S43_OD_M,Carbon Dioxide,Parts Per Million,2021-07-06T09:14:17Z,433
S43_OD_M,Carbon Dioxide,Parts Per Million,2021-07-06T09:29:23Z,433
S43_OD_M,Carbon Dioxide,Parts Per Million,2021-07-06T09:44:29Z,435
S43_OD_M,Carbon Dioxide,Parts Per Million,2021-07-06T10:00:05Z,436
S43_OD_M,Carbon Dioxide,Parts Per Million,2021-07-06T10:10:28Z,441
S43_OD_M,Carbon Dioxide,Parts Per Million,2021-07-06T10:11:14Z,441
S43_OD_M,Carbon Dioxide,Parts Per Million,2021-07-06T10:11:19Z,441
S43_OD_M,Carbon Dioxide,Parts Per Million,2021-07-06T10:11:22Z,441
S43_OD_M,Carbon Dioxide,Parts Per Million,2021-07-06T10:11:26Z,441
S43_OD_M,Carbon Dioxide,Parts Per Million,2021-07-06T10:12:00Z,441
S43_OD_M,Carbon Dioxide,Parts Per Million,2021-07-06T10:12:08Z,441
S43_OD_M,Carbon Dioxide,Parts Per Million,2021-07-06T10:12:23Z,441
S43_OD_M,Carbon Dioxide,Parts Per Million,2021-07-06T10:13:28Z,442
S43_OD_M,Carbon Dioxide,Parts Per Million,2021-07-06T10:18:21Z,443
S43_OD_M,Carbon Dioxide,Parts Per Million,2021-07-06T10:33:27Z,451
S43_OD_M,Carbon Dioxide,Parts Per Million,2021-07-06T10:36:13Z,451
S43_OD_M,Carbon Dioxide,Parts Per Million,2021-07-06T10:36:14Z,451
S43_OD_M,Carbon Dioxide,Parts Per Million,2021-07-06T10:36:16Z,451
S43_OD_M,Carbon Dioxide,Parts Per Million,2021-07-06T10:42:21Z,454
S43_OD_M,Carbon Dioxide,Parts Per Million,2021-07-06T10:43:05Z,455
S43_OD_M,Carbon Dioxide,Parts Per Million,2021-07-06T10:44:06Z,455
S43_OD_M,Carbon Dioxide,Parts Per Million,2021-07-06T10:44:17Z,455
S43_OD_M,Carbon Dioxide,Parts Per Million,2021-07-06T10:44:25Z,455
S43_OD_M,Carbon Dioxide,Parts Per Million,2021-07-06T10:45:00Z,455
S43_OD_M,Carbon Dioxide,Parts Per Million,2021-07-06T10:45:02Z,455
S43_OD_M,Carbon Dioxide,Parts Per Million,2021-07-06T10:45:07Z,455
S43_OD_M,Humidity,Relative,2021-07-05T10:42:10Z,43
S43_OD_M,Humidity,Relative,2021-07-05T10:42:13Z,43
S43_OD_M,Humidity,Relative,2021-07-05T10:57:21Z,47
S43_OD_M,Humidity,Relative,2021-07-05T11:12:26Z,47
S43_OD_M,Humidity,Relative,2021-07-05T11:28:02Z,47
S43_OD_M,Humidity,Relative,2021-07-05T11:43:08Z,48
S43_OD_M,Humidity,Relative,2021-07-05T11:58:14Z,48
S43_OD_M,Humidity,Relative,2021-07-05T12:13:18Z,48.5
S43_OD_M,Humidity,Relative,2021-07-05T12:28:23Z,47.5
S43_OD_M,Humidity,Relative,2021-07-05T12:43:29Z,49
S43_OD_M,Humidity,Relative,2021-07-05T12:59:05Z,50
S43_OD_M,Humidity,Relative,2021-07-05T13:14:11Z,50.5
S43_OD_M,Humidity,Relative,2021-07-05T13:29:16Z,50.5
S43_OD_M,Humidity,Relative,2021-07-05T13:44:22Z,52.5
S43_OD_M,Humidity,Relative,2021-07-05T13:59:28Z,53
S43_OD_M,Humidity,Relative,2021-07-05T14:15:04Z,53.5
S43_OD_M,Humidity,Relative,2021-07-05T14:30:09Z,53.5
S43_OD_M,Humidity,Relative,2021-07-05T14:45:15Z,50
S43_OD_M,Humidity,Relative,2021-07-05T15:00:21Z,52
S43_OD_M,Humidity,Relative,2021-07-05T15:15:27Z,53.5
S43_OD_M,Humidity,Relative,2021-07-05T15:31:02Z,52
S43_OD_M,Humidity,Relative,2021-07-05T15:46:08Z,50
S43_OD_M,Humidity,Relative,2021-07-05T16:01:14Z,51.5
S43_OD_M,Humidity,Relative,2021-07-05T16:16:20Z,55.5
S43_OD_M,Humidity,Relative,2021-07-05T16:31:25Z,56
S43_OD_M,Humidity,Relative,2021-07-05T16:47:01Z,57.5
S43_OD_M,Humidity,Relative,2021-07-05T17:02:07Z,58.5
S43_OD_M,Humidity,Relative,2021-07-05T17:17:13Z,59.5
S43_OD_M,Humidity,Relative,2021-07-05T17:32:18Z,60
S43_OD_M,Humidity,Relative,2021-07-05T17:47:24Z,61
S43_OD_M,Humidity,Relative,2021-07-05T18:02:29Z,62.5
S43_OD_M,Humidity,Relative,2021-07-05T18:18:05Z,64
S43_OD_M,Humidity,Relative,2021-07-05T18:33:11Z,64.5
S43_OD_M,Humidity,Relative,2021-07-05T18:48:17Z,65
S43_OD_M,Humidity,Relative,2021-07-05T19:03:23Z,65.5
S43_OD_M,Humidity,Relative,2021-07-05T19:18:29Z,65.5
S43_OD_M,Humidity,Relative,2021-07-05T19:34:05Z,66.5
S43_OD_M,Humidity,Relative,2021-07-05T19:49:11Z,67
S43_OD_M,Humidity,Relative,2021-07-05T20:04:16Z,67
S43_OD_M,Humidity,Relative,2021-07-05T20:19:22Z,67
S43_OD_M,Humidity,Relative,2021-07-05T20:34:28Z,67
S43_OD_M,Humidity,Relative,2021-07-05T20:50:04Z,67
S43_OD_M,Humidity,Relative,2021-07-05T21:05:10Z,67.5
S43_OD_M,Humidity,Relative,2021-07-05T21:20:14Z,68
S43_OD_M,Humidity,Relative,2021-07-05T21:35:20Z,65.5
S43_OD_M,Humidity,Relative,2021-07-05T21:50:26Z,63.5
S43_OD_M,Humidity,Relative,2021-07-05T22:06:01Z,56
S43_OD_M,Humidity,Relative,2021-07-05T22:21:07Z,49.5
S43_OD_M,Humidity,Relative,2021-07-05T22:36:13Z,48.5
S43_OD_M,Humidity,Relative,2021-07-05T22:51:19Z,56.5
S43_OD_M,Humidity,Relative,2021-07-05T23:06:24Z,57
S43_OD_M,Humidity,Relative,2021-07-05T23:22:00Z,54.5
S43_OD_M,Humidity,Relative,2021-07-05T23:37:06Z,57
S43_OD_M,Humidity,Relative,2021-07-05T23:52:12Z,58.5
S43_OD_M,Humidity,Relative,2021-07-06T00:07:17Z,62.5
S43_OD_M,Humidity,Relative,2021-07-06T00:22:23Z,57.5
S43_OD_M,Humidity,Relative,2021-07-06T00:37:27Z,63.5
S43_OD_M,Humidity,Relative,2021-07-06T00:53:03Z,65
S43_OD_M,Humidity,Relative,2021-07-06T01:08:09Z,67.5
S43_OD_M,Humidity,Relative,2021-07-06T01:23:15Z,68
S43_OD_M,Humidity,Relative,2021-07-06T01:38:21Z,67.5
S43_OD_M,Humidity,Relative,2021-07-06T01:53:27Z,68
S43_OD_M,Humidity,Relative,2021-07-06T02:09:03Z,62
S43_OD_M,Humidity,Relative,2021-07-06T02:24:09Z,60.5
S43_OD_M,Humidity,Relative,2021-07-06T02:39:15Z,63
S43_OD_M,Humidity,Relative,2021-07-06T02:54:21Z,62.5
S43_OD_M,Humidity,Relative,2021-07-06T03:09:26Z,61.5
S43_OD_M,Humidity,Relative,2021-07-06T03:25:02Z,60
S43_OD_M,Humidity,Relative,2021-07-06T03:40:08Z,59.5
S43_OD_M,Humidity,Relative,2021-07-06T03:55:14Z,59
S43_OD_M,Humidity,Relative,2021-07-06T04:10:20Z,59.5
S43_OD_M,Humidity,Relative,2021-07-06T04:25:26Z,61
S43_OD_M,Humidity,Relative,2021-07-06T04:41:02Z,60.5
S43_OD_M,Humidity,Relative,2021-07-06T04:56:08Z,58
S43_OD_M,Humidity,Relative,2021-07-06T05:11:14Z,55.5
S43_OD_M,Humidity,Relative,2021-07-06T05:26:20Z,52.5
S43_OD_M,Humidity,Relative,2021-07-06T05:41:26Z,51.5
S43_OD_M,Humidity,Relative,2021-07-06T05:57:02Z,49
S43_OD_M,Humidity,Relative,2021-07-06T06:12:07Z,48
S43_OD_M,Humidity,Relative,2021-07-06T06:27:13Z,47
S43_OD_M,Humidity,Relative,2021-07-06T06:42:19Z,45.5
S43_OD_M,Humidity,Relative,2021-07-06T06:57:25Z,45
S43_OD_M,Humidity,Relative,2021-07-06T07:13:00Z,44
S43_OD_M,Humidity,Relative,2021-07-06T07:28:06Z,43
S43_OD_M,Humidity,Relative,2021-07-06T07:43:12Z,43
S43_OD_M,Humidity,Relative,2021-07-06T07:58:18Z,42.5
S43_OD_M,Humidity,Relative,2021-07-06T08:13:24Z,41
S43_OD_M,Humidity,Relative,2021-07-06T08:29:00Z,38.5
S43_OD_M,Humidity,Relative,2021-07-06T08:44:06Z,33.5
S43_OD_M,Humidity,Relative,2021-07-06T08:59:12Z,30
S43_OD_M,Humidity,Relative,2021-07-06T09:14:17Z,30
S43_OD_M,Humidity,Relative,2021-07-06T09:29:23Z,33
S43_OD_M,Humidity,Relative,2021-07-06T09:44:29Z,31.5
S43_OD_M,Humidity,Relative,2021-07-06T10:00:05Z,30
S43_OD_M,Humidity,Relative,2021-07-06T10:10:28Z,34.5
S43_OD_M,Humidity,Relative,2021-07-06T10:11:14Z,34.5
S43_OD_M,Humidity,Relative,2021-07-06T10:11:19Z,34.5
S43_OD_M,Humidity,Relative,2021-07-06T10:11:22Z,34.5
S43_OD_M,Humidity,Relative,2021-07-06T10:11:26Z,34.5
S43_OD_M,Humidity,Relative,2021-07-06T10:12:00Z,34.5
S43_OD_M,Humidity,Relative,2021-07-06T10:12:08Z,34.5
S43_OD_M,Humidity,Relative,2021-07-06T10:12:23Z,34.5
S43_OD_M,Humidity,Relative,2021-07-06T10:13:28Z,36.5
S43_OD_M,Humidity,Relative,2021-07-06T10:18:21Z,36.5
S43_OD_M,Humidity,Relative,2021-07-06T10:33:27Z,36.5
S43_OD_M,Humidity,Relative,2021-07-06T10:36:13Z,36.5
S43_OD_M,Humidity,Relative,2021-07-06T10:36:14Z,36.5
S43_OD_M,Humidity,Relative,2021-07-06T10:36:16Z,36.5
S43_OD_M,Humidity,Relative,2021-07-06T10:42:21Z,36.5
S43_OD_M,Humidity,Relative,2021-07-06T10:43:05Z,37
S43_OD_M,Humidity,Relative,2021-07-06T10:44:06Z,37
S43_OD_M,Humidity,Relative,2021-07-06T10:44:17Z,37
S43_OD_M,Humidity,Relative,2021-07-06T10:44:25Z,37
S43_OD_M,Humidity,Relative,2021-07-06T10:45:00Z,37
S43_OD_M,Humidity,Relative,2021-07-06T10:45:02Z,37
S43_OD_M,Humidity,Relative,2021-07-06T10:45:07Z,37
S43_OD_M,bVOC,Parts Per Billion,2021-07-05T10:42:10Z,535
S43_OD_M,bVOC,Parts Per Billion,2021-07-05T10:42:13Z,535
S43_OD_M,bVOC,Parts Per Billion,2021-07-05T10:57:21Z,499
S43_OD_M,bVOC,Parts Per Billion,2021-07-05T11:12:26Z,499
S43_OD_M,bVOC,Parts Per Billion,2021-07-05T11:28:02Z,499
S43_OD_M,bVOC,Parts Per Billion,2021-07-05T11:43:08Z,499
S43_OD_M,bVOC,Parts Per Billion,2021-07-05T11:58:14Z,499
S43_OD_M,bVOC,Parts Per Billion,2021-07-05T12:13:18Z,510
S43_OD_M,bVOC,Parts Per Billion,2021-07-05T12:28:23Z,534
S43_OD_M,bVOC,Parts Per Billion,2021-07-05T12:43:29Z,528
S43_OD_M,bVOC,Parts Per Billion,2021-07-05T12:59:05Z,542
S43_OD_M,bVOC,Parts Per Billion,2021-07-05T13:14:11Z,537
S43_OD_M,bVOC,Parts Per Billion,2021-07-05T13:29:16Z,499
S43_OD_M,bVOC,Parts Per Billion,2021-07-05T13:44:22Z,499
S43_OD_M,bVOC,Parts Per Billion,2021-07-05T13:59:28Z,499
S43_OD_M,bVOC,Parts Per Billion,2021-07-05T14:15:04Z,522
S43_OD_M,bVOC,Parts Per Billion,2021-07-05T14:30:09Z,519
S43_OD_M,bVOC,Parts Per Billion,2021-07-05T14:45:15Z,557
S43_OD_M,bVOC,Parts Per Billion,2021-07-05T15:00:21Z,499
S43_OD_M,bVOC,Parts Per Billion,2021-07-05T15:15:27Z,545
S43_OD_M,bVOC,Parts Per Billion,2021-07-05T15:31:02Z,536
S43_OD_M,bVOC,Parts Per Billion,2021-07-05T15:46:08Z,568
S43_OD_M,bVOC,Parts Per Billion,2021-07-05T16:01:14Z,504
S43_OD_M,bVOC,Parts Per Billion,2021-07-05T16:16:20Z,499
S43_OD_M,bVOC,Parts Per Billion,2021-07-05T16:31:25Z,522
S43_OD_M,bVOC,Parts Per Billion,2021-07-05T16:47:01Z,606
S43_OD_M,bVOC,Parts Per Billion,2021-07-05T17:02:07Z,535
S43_OD_M,bVOC,Parts Per Billion,2021-07-05T17:17:13Z,606
S43_OD_M,bVOC,Parts Per Billion,2021-07-05T17:32:18Z,580
S43_OD_M,bVOC,Parts Per Billion,2021-07-05T17:47:24Z,614
S43_OD_M,bVOC,Parts Per Billion,2021-07-05T18:02:29Z,555
S43_OD_M,bVOC,Parts Per Billion,2021-07-05T18:18:05Z,514
S43_OD_M,bVOC,Parts Per Billion,2021-07-05T18:33:11Z,507
S43_OD_M,bVOC,Parts Per Billion,2021-07-05T18:48:17Z,516
S43_OD_M,bVOC,Parts Per Billion,2021-07-05T19:03:23Z,508
S43_OD_M,bVOC,Parts Per Billion,2021-07-05T19:18:29Z,499
S43_OD_M,bVOC,Parts Per Billion,2021-07-05T19:34:05Z,499
S43_OD_M,bVOC,Parts Per Billion,2021-07-05T19:49:11Z,501
S43_OD_M,bVOC,Parts Per Billion,2021-07-05T20:04:16Z,513
S43_OD_M,bVOC,Parts Per Billion,2021-07-05T20:19:22Z,499
S43_OD_M,bVOC,Parts Per Billion,2021-07-05T20:34:28Z,524
S43_OD_M,bVOC,Parts Per Billion,2021-07-05T20:50:04Z,499
S43_OD_M,bVOC,Parts Per Billion,2021-07-05T21:05:10Z,502
S43_OD_M,bVOC,Parts Per Billion,2021-07-05T21:20:14Z,499
S43_OD_M,bVOC,Parts Per Billion,2021-07-05T21:35:20Z,502
S43_OD_M,bVOC,Parts Per Billion,2021-07-05T21:50:26Z,566
S43_OD_M,bVOC,Parts Per Billion,2021-07-05T22:06:01Z,635
S43_OD_M,bVOC,Parts Per Billion,2021-07-05T22:21:07Z,648
S43_OD_M,bVOC,Parts Per Billion,2021-07-05T22:36:13Z,499
S43_OD_M,bVOC,Parts Per Billion,2021-07-05T22:51:19Z,517
S43_OD_M,bVOC,Parts Per Billion,2021-07-05T23:06:24Z,570
S43_OD_M,bVOC,Parts Per Billion,2021-07-05T23:22:00Z,596
S43_OD_M,bVOC,Parts Per Billion,2021-07-05T23:37:06Z,511
S43_OD_M,bVOC,Parts Per Billion,2021-07-05T23:52:12Z,519
S43_OD_M,bVOC,Parts Per Billion,2021-07-06T00:07:17Z,518
S43_OD_M,bVOC,Parts Per Billion,2021-07-06T00:22:23Z,693
S43_OD_M,bVOC,Parts Per Billion,2021-07-06T00:37:27Z,499
S43_OD_M,bVOC,Parts Per Billion,2021-07-06T00:53:03Z,572
S43_OD_M,bVOC,Parts Per Billion,2021-07-06T01:08:09Z,578
S43_OD_M,bVOC,Parts Per Billion,2021-07-06T01:23:15Z,583
S43_OD_M,bVOC,Parts Per Billion,2021-07-06T01:38:21Z,680
S43_OD_M,bVOC,Parts Per Billion,2021-07-06T01:53:27Z,742
S43_OD_M,bVOC,Parts Per Billion,2021-07-06T02:09:03Z,786
S43_OD_M,bVOC,Parts Per Billion,2021-07-06T02:24:09Z,642
S43_OD_M,bVOC,Parts Per Billion,2021-07-06T02:39:15Z,499
S43_OD_M,bVOC,Parts Per Billion,2021-07-06T02:54:21Z,499
S43_OD_M,bVOC,Parts Per Billion,2021-07-06T03:09:26Z,540
S43_OD_M,bVOC,Parts Per Billion,2021-07-06T03:25:02Z,571
S43_OD_M,bVOC,Parts Per Billion,2021-07-06T03:40:08Z,548
S43_OD_M,bVOC,Parts Per Billion,2021-07-06T03:55:14Z,753
S43_OD_M,bVOC,Parts Per Billion,2021-07-06T04:10:20Z,795
S43_OD_M,bVOC,Parts Per Billion,2021-07-06T04:25:26Z,901
S43_OD_M,bVOC,Parts Per Billion,2021-07-06T04:41:02Z,1021
S43_OD_M,bVOC,Parts Per Billion,2021-07-06T04:56:08Z,1351
S43_OD_M,bVOC,Parts Per Billion,2021-07-06T05:11:14Z,1679
S43_OD_M,bVOC,Parts Per Billion,2021-07-06T05:26:20Z,1923
S43_OD_M,bVOC,Parts Per Billion,2021-07-06T05:41:26Z,1949
S43_OD_M,bVOC,Parts Per Billion,2021-07-06T05:57:02Z,1945
S43_OD_M,bVOC,Parts Per Billion,2021-07-06T06:12:07Z,1560
S43_OD_M,bVOC,Parts Per Billion,2021-07-06T06:27:13Z,2052
S43_OD_M,bVOC,Parts Per Billion,2021-07-06T06:42:19Z,2053
S43_OD_M,bVOC,Parts Per Billion,2021-07-06T06:57:25Z,2089
S43_OD_M,bVOC,Parts Per Billion,2021-07-06T07:13:00Z,2231
S43_OD_M,bVOC,Parts Per Billion,2021-07-06T07:28:06Z,2259
S43_OD_M,bVOC,Parts Per Billion,2021-07-06T07:43:12Z,2051
S43_OD_M,bVOC,Parts Per Billion,2021-07-06T07:58:18Z,2061
S43_OD_M,bVOC,Parts Per Billion,2021-07-06T08:13:24Z,2046
S43_OD_M,bVOC,Parts Per Billion,2021-07-06T08:29:00Z,1715
S43_OD_M,bVOC,Parts Per Billion,2021-07-06T08:44:06Z,2349
S43_OD_M,bVOC,Parts Per Billion,2021-07-06T08:59:12Z,2339
S43_OD_M,bVOC,Parts Per Billion,2021-07-06T09:14:17Z,1738
S43_OD_M,bVOC,Parts Per Billion,2021-07-06T09:29:23Z,1233
S43_OD_M,bVOC,Parts Per Billion,2021-07-06T09:44:29Z,1074
S43_OD_M,bVOC,Parts Per Billion,2021-07-06T10:00:05Z,989
S43_OD_M,bVOC,Parts Per Billion,2021-07-06T10:10:28Z,670
S43_OD_M,bVOC,Parts Per Billion,2021-07-06T10:11:14Z,670
S43_OD_M,bVOC,Parts Per Billion,2021-07-06T10:11:19Z,670
S43_OD_M,bVOC,Parts Per Billion,2021-07-06T10:11:22Z,670
S43_OD_M,bVOC,Parts Per Billion,2021-07-06T10:11:26Z,670
S43_OD_M,bVOC,Parts Per Billion,2021-07-06T10:12:00Z,670
S43_OD_M,bVOC,Parts Per Billion,2021-07-06T10:12:08Z,670
S43_OD_M,bVOC,Parts Per Billion,2021-07-06T10:12:23Z,670
S43_OD_M,bVOC,Parts Per Billion,2021-07-06T10:13:28Z,847
S43_OD_M,bVOC,Parts Per Billion,2021-07-06T10:18:21Z,2384
S43_OD_M,bVOC,Parts Per Billion,2021-07-06T10:33:27Z,17769
S43_OD_M,bVOC,Parts Per Billion,2021-07-06T10:36:13Z,17769
S43_OD_M,bVOC,Parts Per Billion,2021-07-06T10:36:14Z,17769
S43_OD_M,bVOC,Parts Per Billion,2021-07-06T10:36:16Z,17769
S43_OD_M,bVOC,Parts Per Billion,2021-07-06T10:42:21Z,25981
S43_OD_M,bVOC,Parts Per Billion,2021-07-06T10:43:05Z,32777
S43_OD_M,bVOC,Parts Per Billion,2021-07-06T10:44:06Z,32777
S43_OD_M,bVOC,Parts Per Billion,2021-07-06T10:44:17Z,32777
S43_OD_M,bVOC,Parts Per Billion,2021-07-06T10:44:25Z,32777
S43_OD_M,bVOC,Parts Per Billion,2021-07-06T10:45:00Z,32777
S43_OD_M,bVOC,Parts Per Billion,2021-07-06T10:45:02Z,32777
S43_OD_M,bVOC,Parts Per Billion,2021-07-06T10:45:07Z,32777
S43_OD_M,Temperature,Celsius,2021-07-05T10:42:10Z,29.73
S43_OD_M,Temperature,Celsius,2021-07-05T10:42:13Z,29.73
S43_OD_M,Temperature,Celsius,2021-07-05T10:57:21Z,31.87
S43_OD_M,Temperature,Celsius,2021-07-05T11:12:26Z,32.82
S43_OD_M,Temperature,Celsius,2021-07-05T11:28:02Z,33.1
S43_OD_M,Temperature,Celsius,2021-07-05T11:43:08Z,33.01
S43_OD_M,Temperature,Celsius,2021-07-05T11:58:14Z,32.9
S43_OD_M,Temperature,Celsius,2021-07-05T12:13:18Z,33.01
S43_OD_M,Temperature,Celsius,2021-07-05T12:28:23Z,32.79
S43_OD_M,Temperature,Celsius,2021-07-05T12:43:29Z,32.77
S43_OD_M,Temperature,Celsius,2021-07-05T12:59:05Z,32.49
S43_OD_M,Temperature,Celsius,2021-07-05T13:14:11Z,32.53
S43_OD_M,Temperature,Celsius,2021-07-05T13:29:16Z,32.08
S43_OD_M,Temperature,Celsius,2021-07-05T13:44:22Z,32
S43_OD_M,Temperature,Celsius,2021-07-05T13:59:28Z,32.01
S43_OD_M,Temperature,Celsius,2021-07-05T14:15:04Z,31.68
S43_OD_M,Temperature,Celsius,2021-07-05T14:30:09Z,31.53
S43_OD_M,Temperature,Celsius,2021-07-05T14:45:15Z,31.39
S43_OD_M,Temperature,Celsius,2021-07-05T15:00:21Z,31.27
S43_OD_M,Temperature,Celsius,2021-07-05T15:15:27Z,31.37
S43_OD_M,Temperature,Celsius,2021-07-05T15:31:02Z,31.36
S43_OD_M,Temperature,Celsius,2021-07-05T15:46:08Z,31.18
S43_OD_M,Temperature,Celsius,2021-07-05T16:01:14Z,31.18
S43_OD_M,Temperature,Celsius,2021-07-05T16:16:20Z,31.02
S43_OD_M,Temperature,Celsius,2021-07-05T16:31:25Z,30.81
S43_OD_M,Temperature,Celsius,2021-07-05T16:47:01Z,30.62
S43_OD_M,Temperature,Celsius,2021-07-05T17:02:07Z,30.32
S43_OD_M,Temperature,Celsius,2021-07-05T17:17:13Z,30.09
S43_OD_M,Temperature,Celsius,2021-07-05T17:32:18Z,29.83
S43_OD_M,Temperature,Celsius,2021-07-05T17:47:24Z,29.63
S43_OD_M,Temperature,Celsius,2021-07-05T18:02:29Z,29.38
S43_OD_M,Temperature,Celsius,2021-07-05T18:18:05Z,29.22
S43_OD_M,Temperature,Celsius,2021-07-05T18:33:11Z,29.05
S43_OD_M,Temperature,Celsius,2021-07-05T18:48:17Z,28.93
S43_OD_M,Temperature,Celsius,2021-07-05T19:03:23Z,28.81
S43_OD_M,Temperature,Celsius,2021-07-05T19:18:29Z,28.74
S43_OD_M,Temperature,Celsius,2021-07-05T19:34:05Z,28.49
S43_OD_M,Temperature,Celsius,2021-07-05T19:49:11Z,28.22
S43_OD_M,Temperature,Celsius,2021-07-05T20:04:16Z,28.14
S43_OD_M,Temperature,Celsius,2021-07-05T20:19:22Z,27.91
S43_OD_M,Temperature,Celsius,2021-07-05T20:34:28Z,27.79
S43_OD_M,Temperature,Celsius,2021-07-05T20:50:04Z,27.62
S43_OD_M,Temperature,Celsius,2021-07-05T21:05:10Z,27.49
S43_OD_M,Temperature,Celsius,2021-07-05T21:20:14Z,27.39
S43_OD_M,Temperature,Celsius,2021-07-05T21:35:20Z,27.37
S43_OD_M,Temperature,Celsius,2021-07-05T21:50:26Z,27.29
S43_OD_M,Temperature,Celsius,2021-07-05T22:06:01Z,27.16
S43_OD_M,Temperature,Celsius,2021-07-05T22:21:07Z,27.15
S43_OD_M,Temperature,Celsius,2021-07-05T22:36:13Z,27.04
S43_OD_M,Temperature,Celsius,2021-07-05T22:51:19Z,27.11
S43_OD_M,Temperature,Celsius,2021-07-05T23:06:24Z,27.01
S43_OD_M,Temperature,Celsius,2021-07-05T23:22:00Z,26.88
S43_OD_M,Temperature,Celsius,2021-07-05T23:37:06Z,26.85
S43_OD_M,Temperature,Celsius,2021-07-05T23:52:12Z,26.79
S43_OD_M,Temperature,Celsius,2021-07-06T00:07:17Z,26.81
S43_OD_M,Temperature,Celsius,2021-07-06T00:22:23Z,26.61
S43_OD_M,Temperature,Celsius,2021-07-06T00:37:27Z,26.61
S43_OD_M,Temperature,Celsius,2021-07-06T00:53:03Z,26.53
S43_OD_M,Temperature,Celsius,2021-07-06T01:08:09Z,26.46
S43_OD_M,Temperature,Celsius,2021-07-06T01:23:15Z,26.41
S43_OD_M,Temperature,Celsius,2021-07-06T01:38:21Z,26.42
S43_OD_M,Temperature,Celsius,2021-07-06T01:53:27Z,26.41
S43_OD_M,Temperature,Celsius,2021-07-06T02:09:03Z,26.05
S43_OD_M,Temperature,Celsius,2021-07-06T02:24:09Z,25.83
S43_OD_M,Temperature,Celsius,2021-07-06T02:39:15Z,25.57
S43_OD_M,Temperature,Celsius,2021-07-06T02:54:21Z,25.43
S43_OD_M,Temperature,Celsius,2021-07-06T03:09:26Z,25.37
S43_OD_M,Temperature,Celsius,2021-07-06T03:25:02Z,25.34
S43_OD_M,Temperature,Celsius,2021-07-06T03:40:08Z,26.34
S43_OD_M,Temperature,Celsius,2021-07-06T03:55:14Z,26.7
S43_OD_M,Temperature,Celsius,2021-07-06T04:10:20Z,28.04
S43_OD_M,Temperature,Celsius,2021-07-06T04:25:26Z,29.07
S43_OD_M,Temperature,Celsius,2021-07-06T04:41:02Z,30.38
S43_OD_M,Temperature,Celsius,2021-07-06T04:56:08Z,31.38
S43_OD_M,Temperature,Celsius,2021-07-06T05:11:14Z,32.13
S43_OD_M,Temperature,Celsius,2021-07-06T05:26:20Z,32.84
S43_OD_M,Temperature,Celsius,2021-07-06T05:41:26Z,33.59
S43_OD_M,Temperature,Celsius,2021-07-06T05:57:02Z,34.3
S43_OD_M,Temperature,Celsius,2021-07-06T06:12:07Z,35.11
S43_OD_M,Temperature,Celsius,2021-07-06T06:27:13Z,35.62
S43_OD_M,Temperature,Celsius,2021-07-06T06:42:19Z,36.23
S43_OD_M,Temperature,Celsius,2021-07-06T06:57:25Z,36.62
S43_OD_M,Temperature,Celsius,2021-07-06T07:13:00Z,37.05
S43_OD_M,Temperature,Celsius,2021-07-06T07:28:06Z,37.32
S43_OD_M,Temperature,Celsius,2021-07-06T07:43:12Z,37.27
S43_OD_M,Temperature,Celsius,2021-07-06T07:58:18Z,37.17
S43_OD_M,Temperature,Celsius,2021-07-06T08:13:24Z,37.11
S43_OD_M,Temperature,Celsius,2021-07-06T08:29:00Z,37.11
S43_OD_M,Temperature,Celsius,2021-07-06T08:44:06Z,37.06
S43_OD_M,Temperature,Celsius,2021-07-06T08:59:12Z,37.05
S43_OD_M,Temperature,Celsius,2021-07-06T09:14:17Z,36.97
S43_OD_M,Temperature,Celsius,2021-07-06T09:29:23Z,36.72
S43_OD_M,Temperature,Celsius,2021-07-06T09:44:29Z,36.47
S43_OD_M,Temperature,Celsius,2021-07-06T10:00:05Z,36.09
S43_OD_M,Temperature,Celsius,2021-07-06T10:10:28Z,36.03
S43_OD_M,Temperature,Celsius,2021-07-06T10:11:14Z,36.03
S43_OD_M,Temperature,Celsius,2021-07-06T10:11:19Z,36.03
S43_OD_M,Temperature,Celsius,2021-07-06T10:11:22Z,36.03
S43_OD_M,Temperature,Celsius,2021-07-06T10:11:26Z,36.03
S43_OD_M,Temperature,Celsius,2021-07-06T10:12:00Z,36.03
S43_OD_M,Temperature,Celsius,2021-07-06T10:12:08Z,36.03
S43_OD_M,Temperature,Celsius,2021-07-06T10:12:23Z,36.03
S43_OD_M,Temperature,Celsius,2021-07-06T10:13:28Z,35.86
S43_OD_M,Temperature,Celsius,2021-07-06T10:18:21Z,35.88
S43_OD_M,Temperature,Celsius,2021-07-06T10:33:27Z,35.21
S43_OD_M,Temperature,Celsius,2021-07-06T10:36:13Z,35.21
S43_OD_M,Temperature,Celsius,2021-07-06T10:36:14Z,35.21
S43_OD_M,Temperature,Celsius,2021-07-06T10:36:16Z,35.21
S43_OD_M,Temperature,Celsius,2021-07-06T10:42:21Z,34.95
S43_OD_M,Temperature,Celsius,2021-07-06T10:43:05Z,34.73
S43_OD_M,Temperature,Celsius,2021-07-06T10:44:06Z,34.73
S43_OD_M,Temperature,Celsius,2021-07-06T10:44:17Z,34.73
S43_OD_M,Temperature,Celsius,2021-07-06T10:44:25Z,34.73
S43_OD_M,Temperature,Celsius,2021-07-06T10:45:00Z,34.73
S43_OD_M,Temperature,Celsius,2021-07-06T10:45:02Z,34.73
S43_OD_M,Temperature,Celsius,2021-07-06T10:45:07Z,34.73
