Variable / Field Name,Form Name,Section Header,Field Type,Field Label,"Choices, Calculations, OR Slider Labels",Field Note,Text Validation Type OR Show Slider Number,Text Validation Min,Text Validation Max,Identifier?,Branching Logic (Show field only if...),Required Field?,Custom Alignment,Question Number (surveys only),Matrix Group Name,Matrix Ranking?,Field Annotation
record_id,form_1,,text,Record ID,,,,,,,,,,,,,
city,form_1,,radio,Παρακαλώ επιλέξτε σε ποια πόλη βρίσκεται το σχολείο το οποίο διευθύνετε:,"1, Λεμεσός | 2, Λευκωσία | 3, Λάρνακα | 4, Πάφος | 5, Αμμόχωστος",,,,,,,y,LV,,,,
school_lim,form_1,,radio,Παρακαλώ επιλέξτε το σχολείο το οποίο διευθύνετε:,schools,,,,,,[city]=1,y,LV,,,,
school_nic,form_1,,radio,Παρακαλώ επιλέξτε το σχολείο το οποίο διευθύνετε:,schools,,,,,,[city]=2,y,LV,,,,
school_lar,form_1,,radio,Παρακαλώ επιλέξτε το σχολείο το οποίο διευθύνετε:,schools,,,,,,[city]=3,y,LV,,,,
school_paf,form_1,,radio,Παρακαλώ επιλέξτε το σχολείο το οποίο διευθύνετε:,schools,,,,,,[city]=4,y,LV,,,,
school_fam,form_1,,radio,Παρακαλώ επιλέξτε το σχολείο το οποίο διευθύνετε:,schools,,,,,,[city]=5,y,LV,,,,
instr,form_1,,descriptive,Παρακαλώ όπως απαντήσετε στις πιο κάτω ερωτήσεις που αφορούν στα χαρακτηριστικά του σχολείου και το περιβάλλον γύρω από αυτό.,,,,,,,,,,,,,
year_constr,form_1,,text,Χρονολογία κατασκευής σχολείου:,,,integer,1800,2020,,,y,LV,,,,
levels,form_1,,radio,Πόσους ορόφους διαθέτει το σχολείο;,"1, Έναν (1) - Μονώροφο κτήριο | 2, Δύο (2) - Διώροφο κτήριο | 3, Τρεις (3) - Τριώροφο κτήριο",,,,,,,y,LV,,,,
num_classes,form_1,,text,"Πόσες αίθουσες διαθέτει το σχολείο (παρακαλώ στον αριθμό αυτό να συμπεριληφθούν και οι αίθουσες των εκπαιδευτικών, αίθουσες οικοκυρικών, τέχνης κ.α.):
",,,integer,0,100,,,y,LV,,,,
liomenes,form_1,,text,Πόσες από τις πιο πάνω αίθουσες είναι λυόμενες;,,"Σημείωση: Αν το σχολείο ΔΕΝ έχει λυόμενες αίθουσες, παρακαλώ σημειώστε μηδέν (0).",integer,0,50,,,y,LV,,,,
paint,form_1,,radio,Έχει μπογιατιστεί το σχολείο πρόσφατα (π.χ. το προηγούμενο εξάμηνο);,"1, Ναι | 2, Όχι",,,,,,,y,LV,,,,
paint_places,form_1,,radio,Ποιοι χώροι έχουν μπογιατιστεί;,"1, Εξωτερικοί χώροι | 2, Εσωτερικοί χώροι | 3, Και εξωτερικοί και εσωτερικοί χώροι",,,,,,[paint]=1,y,LV,,,,
instr_2,form_1,,descriptive,Καθαριότητα και χρήση εντομοκτόνων/εντομοαπωθητικών στο χώρο του σχολείου,,,,,,,,,,,,,
freq_clean,form_1,,checkbox,"<div class=""rich-text-field-label""><p>Ποιά/ές μέρα/ες καθαρίζονται οι <u>αίθουσες διδασκαλίας;</u></p></div>","1, Δευτέρα | 2, Τρίτη | 3, Τετάρτη | 4, Πέμπτη | 5, Παρασκευή | 6, Σάββατο | 7, Κυριακή",,,,,,,y,LV,,,,
cleaning,form_1,,checkbox,"<div class=""rich-text-field-label""><p>Πότε καθαρίζονται οι <u>αίθουσες διδασκαλίας:</u></p></div>","1, Το απόγευμα, όταν τα παιδιά δεν βρίσκονται στο σχολείο | 2, Νωρίς το πρωί, πριν φτάσουν τα παιδιά στο σχολείο | 3, Κατά την διάρκεια των διαλειμμάτων",,,,,,,y,LV,,,,
chlorine_use,form_1,,radio,"<div class=""rich-text-field-label""><p>Xρησιμοποιείται χλωρίνη κατά το καθάρισμα των <u>αιθουσών διδασκαλίας</u><u>;</u></p></div>","1, Ναι | 2, Όχι",,,,,,,y,LV,,,,
chlorium_2,form_1,,radio,"<div class=""rich-text-field-label""><p>Πόσο συχνά χρησιμοποιείται χλωρίνη στις <u>αίθουσες διδασκαλίας</u><u>;</u></p></div>","1, 1 φορά την εβδομάδα | 2, 2 φορές την εβδομάδα | 3, 3 φορές την εβδομάδα | 4, 4 φορές την εβδομάδα | 5, 5 φορές την εβδομάδα | 6, 6 φορές την εβδομάδα | 7, 7 φορές την εβδομάδα | 8, Λιγότερο από 1 φορά την εβδομάδα",,,,,,[chlorine_use] = 1,y,LV,,,,
pesticides,form_1,,radio,"<div class=""rich-text-field-label""><div>Γίνονται απεντομώσεις/μυοκτονίες για την καταπολέμηση εντόμων, τρωκτικών κ.α. γενικά στο σχολείο;</div></div>","1, Ναι | 2, Όχι | 3, Δεν γνωρίζω/Δεν απαντώ",,,,,,,y,LV,,,,
pest_freq,form_1,,radio,Πόσο συχνά γίνονται απεντομώσεις/μυοκτονίες;,"1, Λιγότερο από 1 μήνα | 2, Κάθε 1 μήνα | 3, Κάθε 3 μήνες | 4, Κάθε 6 μήνες | 5, Κάθε 1 χρόνο | 6, Σπανιότερα από 1 φορά τον χρόνο | 7, Δεν γνωρίζω/Δεν απαντώ",,,,,,[pesticides]=1,y,LV,,,,
pest_location,form_1,,checkbox,Σε ποιο/ους χώρο/ους γίνονται απεντομώσεις/μυοκτονίες;,"1, Εξωτερικοί χώροι | 2, Αίθουσες διδασκαλίας | 3, Άλλοι εσωτερικοί χώροι | 4, Και εξωτερικοί και εσωτερικοί χώροι | 5, Δεν γνωρίζω/Δεν απαντώ",,,,,,[pesticides]=1,y,LV,,,,
